query,intent,response
all done,goodbye,Bye! Wishing you great returns on your investments!
bear market,feeling_negative,I understand how you feel. The market can be stressful. Take a step back and breathe. I'm here if you need me! 😊
Which crypto is falling,losers,Top losers are cryptocurrencies that have dropped the most in value in the last 24 hours.
feeling positive,feeling_positive,So happy for you! May your portfolio be as great as your mood! 🚀
fantastic work,compliment,You're making me blush! 😄 I'm happy I could help!
hello,greeting,Hi there! Need any crypto updates or help?
im happy,feeling_positive,Love the positive energy! 🌟 Hope the crypto markets are treating you well too!
Dogecoin launch date,year,Dogecoin was launched in 2013.
When was Bitcoin created,year,Bitcoin was launched in 2009.
beginners guide,help,"Here's what I can do: Check live prices, explain crypto concepts, show market trends, find top gainers and losers, and have a friendly chat!"
goodbye,goodbye,See you soon! Stay crypto-savvy! 💰
Bitcoin established year,year,Bitcoin was launched in 2009.
Cardano founder,founder,Cardano was created by Charles Hoskinson.
Is Cardano going up,trend,Market trends are constantly shifting! I'll analyze the latest volume and price movement for you.
Bitcoin founder,founder,Bitcoin was created by Satoshi Nakamoto.
thx,gratitude,You're welcome! Don't hesitate to ask if you need anything else.
Litecoin established year,year,Litecoin was launched in 2011.
heyya,greeting,Hey! Ready to explore the crypto world? Ask me anything!
Explain DeFi,definition,DeFi (Decentralized Finance) is an emerging financial technology based on secure distributed ledgers similar to those used by cryptocurrencies.
Can I trust MoonChat,security,"Yes, MoonChat is secure and uses Firebase authentication and encrypted connections."
Top losers today,losers,Top losers are cryptocurrencies that have dropped the most in value in the last 24 hours.
When was XRP created,year,XRP was launched in 2012.
hey man,greeting,"Hi! I'm MoonChat, your crypto assistant. What's on your mind?"
Which crypto is rising,gainers,Top gainers are cryptocurrencies that have shown the highest price increase in the last 24 hours.
how can i use you,help,"My features include: live crypto prices, market analysis, crypto education, founder info, launch dates, and general chat! What interests you?"
hi dear,greeting,Hello! I'm here to help with all things crypto. Fire away!
What is MoonChat,faq,MoonChat is a crypto-based chat application that combines messaging with real-time market tracking.
What is blockchain,definition,A blockchain is a distributed ledger that records transactions across many computers so that the record cannot be altered retroactively.
are you artificial intelligence,identity,"I'm MoonChat, a crypto-focused chatbot. I know about prices, market trends, blockchain, and more!"
Who created Bitcoin,founder,Bitcoin was created by Satoshi Nakamoto.
when were you created,smalltalk,"I'm doing great, thanks for asking! Always ready to chat about crypto! 🚀"
ill be back,goodbye,See you later! May your portfolio go to the moon! 🚀
hello moonchat,greeting,Hello! I'm here to help with all things crypto. Fire away!
Is this app safe,security,MoonChat ensures security through cloud-based authentication and safe data handling.
show commands,help,"I can help you with: 💰 Crypto prices, 📈 Market trends, 📚 Crypto definitions, 🏆 Top gainers/losers, and much more! Just ask away!"
What is NFT,definition,"An NFT (Non-fungible token) is a unique digital identifier that cannot be copied, substituted, or subdivided, and that is recorded in a blockchain."
Who is founder of Dogecoin,founder,Dogecoin was created by Billy Markus and Jackson Palmer.
Dogecoin trend today,trend,Market trends are constantly shifting! I'll analyze the latest volume and price movement for you.
what can you tell me about yourself,identity,MoonChat here! I'm your dedicated crypto companion. Ask me anything about the crypto world!
eth price,price,Let me check the latest price for you right away!
Ethereum price today,price,Let me check the latest price for you right away!
moonchat help,help,"My features include: live crypto prices, market analysis, crypto education, founder info, launch dates, and general chat! What interests you?"
i want to know who you are,identity,I'm an AI assistant called MoonChat. I specialize in cryptocurrency information and analysis!
thanks that was fast,gratitude,Happy to assist! Come back whenever you need crypto info!
got any jokes,joke,What's a crypto investor's favorite music? Block and Roll! 🎸
are you smart,smalltalk,I'm fantastic! Just here keeping an eye on the markets. What about you?
How much is Solana now,price,Let me check the latest price for you right away!
When was Ethereum created,year,Ethereum was launched in 2015.
am i talking to a bot,identity,"I'm MoonChat, a crypto-focused chatbot. I know about prices, market trends, blockchain, and more!"
How does MoonChat work,faq,MoonChat is a crypto-based chat application that combines messaging with real-time market tracking.
Worst performing coins,losers,Top losers are cryptocurrencies that have dropped the most in value in the last 24 hours.
fun chatting,goodbye,Bye! Wishing you great returns on your investments!
Top gainers today,gainers,Top gainers are cryptocurrencies that have shown the highest price increase in the last 24 hours.
hey whats up,greeting,Hi! 🌙 MoonChat at your service. What crypto question do you have?
When was Cardano created,year,Cardano was launched in 2017.
thats it,goodbye,See you later! May your portfolio go to the moon! 🚀
hi buddy,greeting,Hello! Welcome to MoonChat! What would you like to know about crypto?
Ethereum market trend,trend,Market trends are constantly shifting! I'll analyze the latest volume and price movement for you.
state your name,identity,I'm an AI assistant called MoonChat. I specialize in cryptocurrency information and analysis!
make me smile,joke,What's a crypto investor's favorite music? Block and Roll! 🎸
what can i ask,help,"I'm here to help! Ask me about crypto prices, blockchain concepts, market trends, or just have a casual conversation!"
Bitcoin price today,price,Let me check the latest price for you right away!
Litecoin founder,founder,Litecoin was created by Charlie Lee.
should i buy ethereum,recommendation,"I'm not a financial advisor, but I can help you stay informed! Ask me about any coin's price or the current market trends."
feeling blessed,feeling_positive,That's wonderful! Keep that good vibe going! Need any crypto info to keep the momentum?
Tell me about MoonChat,faq,MoonChat is a mobile app where users can chat and get live cryptocurrency data using an AI assistant.
crypto advice,recommendation,"Investment decisions are personal! I can help by showing you live prices, top gainers, market trends, and crypto definitions. What would you like to explore?"
you helped me,gratitude,Glad I could help! Feel free to ask more questions anytime.
XRP launch date,year,XRP was launched in 2012.
what do you like,smalltalk,I'm fantastic! Just here keeping an eye on the markets. What about you?
having a good day,feeling_positive,Amazing! Positive days and green candles — what more could you want? 📈😄
Is MoonChat secure,security,"Yes, MoonChat is secure and uses Firebase authentication and encrypted connections."
Solana established year,year,Solana was launched in 2020.
thanks see you,goodbye,Bye! Wishing you great returns on your investments!
Best performing coins,gainers,Top gainers are cryptocurrencies that have shown the highest price increase in the last 24 hours.
help,help,"I'm here to help! Ask about crypto prices, trends, or MoonChat features."
hello chatbot,greeting,"Hey! Welcome aboard! Ask me about prices, trends, or anything crypto!"
XRP founder,founder,"XRP was created by Ripple Labs (Ryan Fugger, Jed McCaleb, Chris Larsen)."
you are the best,compliment,That's really sweet! I'm here for you anytime! 🌙
When was Dogecoin created,year,Dogecoin was launched in 2013.
hey assistant,greeting,Hi! 🌙 MoonChat at your service. What crypto question do you have?
best day ever,feeling_positive,So happy for you! May your portfolio be as great as your mood! 🚀
who runs you,identity,MoonChat here! I'm your dedicated crypto companion. Ask me anything about the crypto world!
i need help,help,"I'm here to help! Ask me about crypto prices, blockchain concepts, market trends, or just have a casual conversation!"
Ethereum established year,year,Ethereum was launched in 2015.
thank you bro,gratitude,Anytime! I enjoy helping out. Got more questions?
take care,goodbye,See you soon! Stay crypto-savvy! 💰
hyyy,greeting,Hey there! 👋 How can I help you with crypto today?
over the moon,feeling_positive,That's awesome to hear! 🎉 Glad you're having a great time! Anything crypto-related I can help with?
what's up,greeting,Not much! I'm here to help with crypto info.
Define cryptocurrency,definition,DeFi (Decentralized Finance) is an emerging financial technology based on secure distributed ledgers similar to those used by cryptocurrencies.
How much is Dogecoin now,price,Let me check the latest price for you right away!
Is Bitcoin going up,trend,Market trends are constantly shifting! I'll analyze the latest volume and price movement for you.
you suck,negative,I hear you! Every feedback helps me improve. What can I assist you with today?
im grateful,gratitude,My pleasure! Always here to help with crypto questions. 🌙
Bitcoin market trend,trend,Market trends are constantly shifting! I'll analyze the latest volume and price movement for you.
whats possible,help,"I'm here to help! Ask me about crypto prices, blockchain concepts, market trends, or just have a casual conversation!"
current btc price,price,Let me check the latest price for you right away!
hi ai,greeting,"Hi! I'm MoonChat, your crypto assistant. What's on your mind?"
how much does bitcoin cost,price,Let me check the latest price for you right away!
moonchat security features,security,MoonChat uses end-to-end encryption for private chats and secure API connections.
commands,help,"I can help you with: 💰 Crypto prices, 📈 Market trends, 📚 Crypto definitions, 🏆 Top gainers/losers, and much more! Just ask away!"
im disappointed,feeling_negative,I understand how you feel. The market can be stressful. Take a step back and breathe. I'm here if you need me! 😊
pointless,negative,I appreciate your honesty! Let me try to do better. Give me another chance? 🙏
XRP established year,year,XRP was launched in 2012.
suppp,greeting,"Hi! I'm MoonChat, your crypto assistant. What's on your mind?"
teach me how to use this,help,"Here's what I can do: Check live prices, explain crypto concepts, show market trends, find top gainers and losers, and have a friendly chat!"
good morning,greeting,Good morning! Ready to explore crypto?
this is frustrating,feeling_negative,I understand how you feel. The market can be stressful. Take a step back and breathe. I'm here if you need me! 😊
Who is founder of Bitcoin,founder,Bitcoin was created by Satoshi Nakamoto.
short term crypto,recommendation,"I'm not a financial advisor, but I can help you stay informed! Ask me about any coin's price or the current market trends."
nothing else,goodbye,Farewell! Keep an eye on those charts! 📈
is bitcoin a good buy,recommendation,"I'm not a financial advisor, but I can help you stay informed! Ask me about any coin's price or the current market trends."
boring,negative,I'm sorry you feel that way. I'm always learning to improve! Is there something specific I can help you with?
youre really good,compliment,Thank you so much! Your kind words keep me motivated! 💪
Solana launch date,year,Solana was launched in 2020.
Dogecoin established year,year,Dogecoin was launched in 2013.
talk later,goodbye,Sure! Talk to you later.
Who created Ethereum,founder,Ethereum was created by Vitalik Buterin.
my crypto went up,feeling_positive,That's wonderful! Keep that good vibe going! Need any crypto info to keep the momentum?
what can you do,help,"I can provide crypto prices, trends, and answer your questions."
Solana trend today,trend,Market trends are constantly shifting! I'll analyze the latest volume and price movement for you.
Ethereum founder,founder,Ethereum was created by Vitalik Buterin.
i feel great,feeling_positive,That's wonderful! Keep that good vibe going! Need any crypto info to keep the momentum?
cool bot,compliment,That's so kind of you! I'm glad you enjoy chatting with me! 🌟
youre boring,negative,I'm sorry you feel that way. I'm always learning to improve! Is there something specific I can help you with?
bye,goodbye,Goodbye! Happy investing! 🌙
leaving now,goodbye,Goodbye! Happy investing! 🌙
Live price of XRP,price,Let me check the latest price for you right away!
Who created XRP,founder,"XRP was created by Ripple Labs (Ryan Fugger, Jed McCaleb, Chris Larsen)."
Solana price today,price,Let me check the latest price for you right away!
i appreciate your help,gratitude,My pleasure! Always here to help with crypto questions. 🌙
how are you doing,smalltalk,I'm great! Every conversation makes me better. What's on your mind?
much appreciated,gratitude,My pleasure! Always here to help with crypto questions. 🌙
what do you do,identity,"I help users with crypto prices, trends, and queries."
really appreciate it,gratitude,You're welcome! Happy to help! 😊
thanks a lot,gratitude,You're very welcome!
introduce yourself,identity,"I'm MoonChat, your AI crypto assistant! I can help with prices, trends, and crypto knowledge. 🌙"
Litecoin trend today,trend,Market trends are constantly shifting! I'll analyze the latest volume and price movement for you.
youre great,gratitude,Glad I could help! Feel free to ask more questions anytime.
whats your favorite crypto,smalltalk,I'm doing wonderful! The crypto world never sleeps and neither do I! 😄
trading joke,joke,Why did the Bitcoin break up with the Dollar? Because it wanted a decentralized relationship! 😄
grateful,gratitude,My pleasure! Always here to help with crypto questions. 🌙
anything new,smalltalk,"I'm doing great, thanks for asking! Always ready to chat about crypto! 🚀"
Ethereum launch date,year,Ethereum was launched in 2015.
who am i chatting with,identity,I'm an AI assistant called MoonChat. I specialize in cryptocurrency information and analysis!
Live price of Solana,price,Let me check the latest price for you right away!
hey whats good,greeting,Hey! Ready to explore the crypto world? Ask me anything!
how do you work,identity,"I'm MoonChat, a crypto-focused chatbot. I know about prices, market trends, blockchain, and more!"
are you a computer,identity,"My name is MoonChat — your friendly crypto assistant, ready to answer all your questions!"
hey fam,greeting,"Hey! Welcome aboard! Ask me about prices, trends, or anything crypto!"
hi mate,greeting,Hello! I'm here to help with all things crypto. Fire away!
hey everyone,greeting,Hey there! 👋 How can I help you with crypto today?
market is bad,feeling_negative,"Sorry you're going through that. Remember, every bear market eventually turns around! Stay strong! 🐻➡️🐂"
Bitcoin launch date,year,Bitcoin was launched in 2009.
makes no sense,negative,Sorry about that! I'm still learning. Try asking me something about crypto — that's my strength!
Litecoin price today,price,Let me check the latest price for you right away!
youre the best thank you,gratitude,No problem at all! That's what I'm here for!
feeling anxious,feeling_negative,Don't worry too much! Crypto is volatile but patience often pays off. Want to check on any specific coin?
you funny,joke,What do you call a sleeping Bitcoin? A crypto-nap! 😴💰
What is Bitcoin price,price,Let me check the latest price for you right away!
catch you later,goodbye,See you soon! Stay crypto-savvy! 💰
Bitcoin trend today,trend,Market trends are constantly shifting! I'll analyze the latest volume and price movement for you.
How much is Cardano now,price,Let me check the latest price for you right away!
everything good,smalltalk,I'm great! Every conversation makes me better. What's on your mind?
Who is founder of Solana,founder,Solana was created by Anatoly Yakovenko.
awful bot,negative,"I understand I might not be perfect, but I'm constantly improving. What would you like to know?"
share something,smalltalk,"I'm doing great, thanks for asking! Always ready to chat about crypto! 🚀"
Cardano market trend,trend,Market trends are constantly shifting! I'll analyze the latest volume and price movement for you.
brb,goodbye,See you later! May your portfolio go to the moon! 🚀
got to go now,goodbye,Take care! Come back anytime you need crypto help.
Who is founder of Ethereum,founder,Ethereum was created by Vitalik Buterin.
good talking to you,goodbye,See you later! May your portfolio go to the moon! 🚀
good to see you,greeting,Hello! Welcome to MoonChat! What would you like to know about crypto?
thank you so much,gratitude,You're welcome! Happy to help! 😊
youre so smart,compliment,You're making me blush! 😄 I'm happy I could help!
amazing work,gratitude,No problem at all! That's what I'm here for!
awesome thanks,gratitude,No problem at all! That's what I'm here for!
thanks for the quick response,gratitude,My pleasure! Always here to help with crypto questions. 🌙
im excited,feeling_positive,So happy for you! May your portfolio be as great as your mood! 🚀
supp,greeting,"Hi! I'm MoonChat, your crypto assistant. What's on your mind?"
are you happy,smalltalk,I'm great! Every conversation makes me better. What's on your mind?
are you a real person,smalltalk,All good here! I'm powered up and ready to help. How are you doing?
who developed you,identity,I'm MoonChat! I was built to help you navigate the exciting world of cryptocurrency.
afternoon,greeting,"Hi! I'm MoonChat, your crypto assistant. What's on your mind?"
just talking,smalltalk,Pretty good! Just keeping track of the latest market moves. What's up?
Litecoin market trend,trend,Market trends are constantly shifting! I'll analyze the latest volume and price movement for you.
What is Dogecoin price,price,Let me check the latest price for you right away!
keep it up,gratitude,No problem at all! That's what I'm here for!
are you a chatbot,identity,"I'm MoonChat, a crypto-focused chatbot. I know about prices, market trends, blockchain, and more!"
helo,greeting,Hi! 🌙 MoonChat at your service. What crypto question do you have?
do you have feelings,smalltalk,"I'm doing great, thanks for asking! Always ready to chat about crypto! 🚀"
Is XRP going up,trend,Market trends are constantly shifting! I'll analyze the latest volume and price movement for you.
see you,goodbye,See you soon! Stay crypto-savvy! 💰
moonchat is awesome,compliment,That's really sweet! I'm here for you anytime! 🌙
hello good morning,greeting,Hey there! 👋 How can I help you with crypto today?
cya,goodbye,See you later! May your portfolio go to the moon! 🚀
hi chatbot,greeting,Hello there! Great to see you! How can I assist you today?
Live price of Ethereum,price,Let me check the latest price for you right away!
talk to you later,goodbye,See you soon! Stay crypto-savvy! 💰
youre my favorite,compliment,Thanks! You're pretty awesome yourself! How can I help you more?
do you learn,smalltalk,Living the digital life! 😄 How can I help you today?
Who created Cardano,founder,Cardano was created by Charles Hoskinson.
im rich,feeling_positive,That's awesome to hear! 🎉 Glad you're having a great time! Anything crypto-related I can help with?
you alright,smalltalk,I'm doing wonderful! The crypto world never sleeps and neither do I! 😄
Who created Dogecoin,founder,Dogecoin was created by Billy Markus and Jackson Palmer.
what topics do you cover,help,"Here's what I can do: Check live prices, explain crypto concepts, show market trends, find top gainers and losers, and have a friendly chat!"
goodnight,goodbye,See you soon! Stay crypto-savvy! 💰
Solana market trend,trend,Market trends are constantly shifting! I'll analyze the latest volume and price movement for you.
hello hi,greeting,Hello! I'm here to help with all things crypto. Fire away!
what will moon,recommendation,"I don't give investment advice, but I can provide price data, trends, and market information to support your research! Always DYOR! 🧠"
great thank you,gratitude,Anytime! I enjoy helping out. Got more questions?
stop,goodbye,Bye! Wishing you great returns on your investments!
show me what you can do,help,"My features include: live crypto prices, market analysis, crypto education, founder info, launch dates, and general chat! What interests you?"
aloha,greeting,Hello! Welcome to MoonChat! What would you like to know about crypto?
heyy,greeting,Hello there! Great to see you! How can I assist you today?
eth price right now,price,Let me check the latest price for you right away!
Live price of Litecoin,price,Let me check the latest price for you right away!
When was Litecoin created,year,Litecoin was launched in 2011.
im worried,feeling_negative,Don't worry too much! Crypto is volatile but patience often pays off. Want to check on any specific coin?
whats up with you,smalltalk,Pretty good! Just keeping track of the latest market moves. What's up?
Who created Solana,founder,Solana was created by Anatoly Yakovenko.
thats all,goodbye,Goodbye! Happy investing! 🌙
brilliant thanks,gratitude,Anytime! I enjoy helping out. Got more questions?
Cardano trend today,trend,Market trends are constantly shifting! I'll analyze the latest volume and price movement for you.
whats up,greeting,Hello there! Great to see you! How can I assist you today?
many thanks,gratitude,My pleasure! Always here to help with crypto questions. 🌙
Is Dogecoin going up,trend,Market trends are constantly shifting! I'll analyze the latest volume and price movement for you.
best returns crypto,recommendation,"I'm not a financial advisor, but I can help you stay informed! Ask me about any coin's price or the current market trends."
youre helpful,gratitude,My pleasure! Always here to help with crypto questions. 🌙
Cardano established year,year,Cardano was launched in 2017.
feeling low,feeling_negative,I understand how you feel. The market can be stressful. Take a step back and breathe. I'm here if you need me! 😊
How much is XRP now,price,Let me check the latest price for you right away!
what is a token,definition,A token is a digital asset built on an existing blockchain.
Dogecoin market trend,trend,Market trends are constantly shifting! I'll analyze the latest volume and price movement for you.
make me chuckle,joke,What's a crypto investor's favorite music? Block and Roll! 🎸
see you soon,goodbye,See you soon! Stay crypto-savvy! 💰
price of btc,price,Let me check the latest price for you right away!
best assistant,compliment,Thanks! You're pretty awesome yourself! How can I help you more?
portfolio is up,feeling_positive,So happy for you! May your portfolio be as great as your mood! 🚀
hey there buddy,greeting,Hi! 🌙 MoonChat at your service. What crypto question do you have?
your name,identity,"My name is MoonChat — your friendly crypto assistant, ready to answer all your questions!"
not happy,feeling_negative,Don't worry too much! Crypto is volatile but patience often pays off. Want to check on any specific coin?
life is good,feeling_positive,That's awesome to hear! 🎉 Glad you're having a great time! Anything crypto-related I can help with?
What is Litecoin price,price,Let me check the latest price for you right away!
most promising crypto,recommendation,"I don't give investment advice, but I can provide price data, trends, and market information to support your research! Always DYOR! 🧠"
what is your name,identity,"I'm MoonChat, a crypto-focused chatbot. I know about prices, market trends, blockchain, and more!"
appreciate it,gratitude,You're welcome! Happy to help! 😊
namaste,greeting,Hey there! 👋 How can I help you with crypto today?
how much is solana,price,Let me check the latest price for you right away!
How much is Litecoin now,price,Let me check the latest price for you right away!
thanks very much,gratitude,Glad I could help! Feel free to ask more questions anytime.
next big crypto,recommendation,"Investment decisions are personal! I can help by showing you live prices, top gainers, market trends, and crypto definitions. What would you like to explore?"
see you tomorrow,goodbye,Take care! Come back anytime you need crypto help.
best crypto to buy,recommendation,"As an AI, I can't recommend specific investments. But I can show you market data and trends to help you decide!"
feeling lucky,feeling_positive,That's awesome to hear! 🎉 Glad you're having a great time! Anything crypto-related I can help with?
How much is Ethereum now,price,Let me check the latest price for you right away!
Live price of Dogecoin,price,Let me check the latest price for you right away!
funny thing about crypto,joke,How does a crypto miner stay cool? They use a lot of fans! 🌬️😂
greetings friend,greeting,"Hey! Welcome aboard! Ask me about prices, trends, or anything crypto!"
im done,goodbye,Farewell! Keep an eye on those charts! 📈
im thrilled,feeling_positive,So happy for you! May your portfolio be as great as your mood! 🚀
well done bot,compliment,Thank you so much! Your kind words keep me motivated! 💪
best bot ever,compliment,Thank you so much! Your kind words keep me motivated! 💪
hello how are you,greeting,Hello there! Great to see you! How can I assist you today?
good night,goodbye,Good night! Happy trading tomorrow!
tell me your features,help,"I'm here to help! Ask me about crypto prices, blockchain concepts, market trends, or just have a casual conversation!"
youre fantastic,compliment,Thanks! You're pretty awesome yourself! How can I help you more?
hello good evening,greeting,Hello! Welcome to MoonChat! What would you like to know about crypto?
that is all,goodbye,See you soon! Stay crypto-savvy! 💰
do you drink,smalltalk,All good here! I'm powered up and ready to help. How are you doing?
my coins crashed,feeling_negative,"I'm sorry to hear that. Hang in there! The crypto market has its ups and downs, just like life. 💪"
have a good one,goodbye,"Bye for now! Remember, DYOR — Do Your Own Research! 🧠"
check ethereum price,price,Let me check the latest price for you right away!
doesnt make sense,negative,I'm sorry you feel that way. I'm always learning to improve! Is there something specific I can help you with?
XRP price today,price,Let me check the latest price for you right away!
What is Ethereum price,price,Let me check the latest price for you right away!
i need to leave,goodbye,"Bye for now! Remember, DYOR — Do Your Own Research! 🧠"
recommend a crypto,recommendation,"I can't give financial advice, but I can help you research! Try asking about specific coin prices or market trends to make informed decisions."
help me,help,"I'm here to help! Ask me about crypto prices, blockchain concepts, market trends, or just have a casual conversation!"
what type of ai are you,identity,MoonChat here! I'm your dedicated crypto companion. Ask me anything about the crypto world!
are you a robot,identity,"I'm MoonChat, your AI crypto assistant! I can help with prices, trends, and crypto knowledge. 🌙"
hey how are you,greeting,Hey! Ready to explore the crypto world? Ask me anything!
give me options,help,"I'm here to help! Ask me about crypto prices, blockchain concepts, market trends, or just have a casual conversation!"
how can you help me,help,I can assist with crypto info and app guidance.
im having a blast,feeling_positive,That's awesome to hear! 🎉 Glad you're having a great time! Anything crypto-related I can help with?
say something,smalltalk,I'm doing wonderful! The crypto world never sleeps and neither do I! 😄
chat later,goodbye,Bye! Wishing you great returns on your investments!
hi assistant,greeting,Hi! 🌙 MoonChat at your service. What crypto question do you have?
incredible,compliment,Thank you so much! Your kind words keep me motivated! 💪
hi good afternoon,greeting,Hi! 🌙 MoonChat at your service. What crypto question do you have?
hows everything,smalltalk,Doing awesome! I love chatting. What would you like to talk about?
gains today,feeling_positive,Amazing! Positive days and green candles — what more could you want? 📈😄
feeling good,feeling_positive,Amazing! Positive days and green candles — what more could you want? 📈😄
everything is falling,feeling_negative,"That's rough. I hope things get better soon! If it helps, I'm here to chat anytime. 🌙"
im in a good mood,feeling_positive,That's wonderful! Keep that good vibe going! Need any crypto info to keep the momentum?
say something funny,joke,Why don't crypto investors ever get lost? Because they always follow the blockchain! 😆
which crypto should i buy,recommendation,"Investment decisions are personal! I can help by showing you live prices, top gainers, market trends, and crypto definitions. What would you like to explore?"
Live price of Bitcoin,price,Let me check the latest price for you right away!
What is Cardano price,price,Let me check the latest price for you right away!
very impressive,compliment,That's really sweet! I'm here for you anytime! 🌙
everything is red,feeling_negative,"Sorry you're going through that. Remember, every bear market eventually turns around! Stay strong! 🐻➡️🐂"
hi,greeting,Hello! How can I help you with crypto today?
Cardano launch date,year,Cardano was launched in 2017.
do you enjoy this,smalltalk,I'm doing wonderful! The crypto world never sleeps and neither do I! 😄
XRP trend today,trend,Market trends are constantly shifting! I'll analyze the latest volume and price movement for you.
what should i do,help,"Here's what I can do: Check live prices, explain crypto concepts, show market trends, find top gainers and losers, and have a friendly chat!"
hey,greeting,Hey! What would you like to know about crypto?
are you new,identity,I'm an AI assistant called MoonChat. I specialize in cryptocurrency information and analysis!
i appreciate it,gratitude,You're welcome! Happy to help! 😊
are you real,smalltalk,Pretty good! Just keeping track of the latest market moves. What's up?
tell me something interesting,smalltalk,I'm great! Every conversation makes me better. What's on your mind?
hey ai,greeting,Hi! 🌙 MoonChat at your service. What crypto question do you have?
entertain me,joke,What's a crypto investor's favorite music? Block and Roll! 🎸
perfect answer,gratitude,My pleasure! Always here to help with crypto questions. 🌙
whats a good investment,recommendation,"Investment decisions are personal! I can help by showing you live prices, top gainers, market trends, and crypto definitions. What would you like to explore?"
thanks for everything,gratitude,My pleasure! Always here to help with crypto questions. 🌙
are you busy,smalltalk,I'm fantastic! Just here keeping an eye on the markets. What about you?
i lost money,feeling_negative,I understand how you feel. The market can be stressful. Take a step back and breathe. I'm here if you need me! 😊
your name please,identity,"I'm MoonChat, your AI crypto assistant! I can help with prices, trends, and crypto knowledge. 🌙"
yo bro,greeting,Hello there! Great to see you! How can I assist you today?
what platform are you on,identity,MoonChat here! I'm your dedicated crypto companion. Ask me anything about the crypto world!
XRP market trend,trend,Market trends are constantly shifting! I'll analyze the latest volume and price movement for you.
you dont work,negative,Sorry about that! I'm still learning. Try asking me something about crypto — that's my strength!
are you funny,joke,Why don't crypto investors ever get lost? Because they always follow the blockchain! 😆
be funny,joke,Why was the blockchain developer so calm? Because they had all the blocks in the right chain! 🧘
Is Ethereum going up,trend,Market trends are constantly shifting! I'll analyze the latest volume and price movement for you.
hey hi,greeting,Hello! Welcome to MoonChat! What would you like to know about crypto?
humor me,joke,Why was the blockchain developer so calm? Because they had all the blocks in the right chain! 🧘
thanks for the info,gratitude,You're welcome! Happy to help! 😊
know any jokes,joke,What do you call a sleeping Bitcoin? A crypto-nap! 😴💰
excellent thanks,gratitude,Glad I could help! Feel free to ask more questions anytime.
can you be funny,joke,How does a crypto miner stay cool? They use a lot of fans! 🌬️😂
you nailed it,gratitude,Happy to assist! Come back whenever you need crypto info!
how are things going,smalltalk,Living the digital life! 😄 How can I help you today?
hii,greeting,Hey! How can I help you today?
Litecoin launch date,year,Litecoin was launched in 2011.
hello robot,greeting,Hey! Ready to explore the crypto world? Ask me anything!
bitcoin value,price,Let me check the latest price for you right away!
i gotta run,goodbye,Farewell! Keep an eye on those charts! 📈
Who is founder of XRP,founder,"XRP was created by Ripple Labs (Ryan Fugger, Jed McCaleb, Chris Larsen)."
Solana founder,founder,Solana was created by Anatoly Yakovenko.
are you happy being a bot,smalltalk,I'm fantastic! Just here keeping an eye on the markets. What about you?
first time here,help,"I'm here to help! Ask me about crypto prices, blockchain concepts, market trends, or just have a casual conversation!"
losing money,feeling_negative,I understand how you feel. The market can be stressful. Take a step back and breathe. I'm here if you need me! 😊
hii there,greeting,Hello! Welcome to MoonChat! What would you like to know about crypto?
sol price,price,Let me check the latest price for you right away!
assist me,help,"I can help you with: 💰 Crypto prices, 📈 Market trends, 📚 Crypto definitions, 🏆 Top gainers/losers, and much more! Just ask away!"
thank you friend,gratitude,You're welcome! Don't hesitate to ask if you need anything else.
no more questions,goodbye,Goodbye! Happy investing! 🌙
When was Solana created,year,Solana was launched in 2020.
show me around,help,"I'm here to help! Ask me about crypto prices, blockchain concepts, market trends, or just have a casual conversation!"
safest crypto,recommendation,"As an AI, I can't recommend specific investments. But I can show you market data and trends to help you decide!"
helloo,greeting,Hello there! Great to see you! How can I assist you today?
great assistant,compliment,"Aww, thank you! That means a lot! I'm always trying to improve. 😊"
youre an idiot,negative,I appreciate your honesty! Let me try to do better. Give me another chance? 🙏
which coin will go up,recommendation,"As an AI, I can't recommend specific investments. But I can show you market data and trends to help you decide!"
what should i call you,identity,I'm MoonChat! I was built to help you navigate the exciting world of cryptocurrency.
dumb bot,negative,Sorry about that! I'm still learning. Try asking me something about crypto — that's my strength!
thanks buddy,gratitude,My pleasure! Always here to help with crypto questions. 🌙
hello bot,greeting,Hello! Welcome to MoonChat! What would you like to know about crypto?
thank you for your help,gratitude,Happy to assist! Come back whenever you need crypto info!
are you an ai,identity,I'm MoonChat! I was built to help you navigate the exciting world of cryptocurrency.
can you joke,joke,What do you call a sleeping Bitcoin? A crypto-nap! 😴💰
how are you,smalltalk,Pretty good! Just keeping track of the latest market moves. What's up?
Live price of Cardano,price,Let me check the latest price for you right away!
until next time,goodbye,Goodbye! Happy investing! 🌙
where should i put my money,recommendation,"I'm not a financial advisor, but I can help you stay informed! Ask me about any coin's price or the current market trends."
nice work,gratitude,You're welcome! Happy to help! 😊
investment advice,recommendation,"I can't give financial advice, but I can help you research! Try asking about specific coin prices or market trends to make informed decisions."
this is bad,negative,I'm sorry you feel that way. I'm always learning to improve! Is there something specific I can help you with?
gotta go,goodbye,Bye! Wishing you great returns on your investments!
yoo,greeting,Hey there! 👋 How can I help you with crypto today?
im upset,feeling_negative,"I'm sorry to hear that. Hang in there! The crypto market has its ups and downs, just like life. 💪"
nervous about market,feeling_negative,Don't worry too much! Crypto is volatile but patience often pays off. Want to check on any specific coin?
hola,greeting,Hey! Ready to explore the crypto world? Ask me anything!
hi moonchat,greeting,Hello! Welcome to MoonChat. How can I assist you?
not helpful,negative,"I understand I might not be perfect, but I'm constantly improving. What would you like to know?"
idiot,negative,I appreciate your honesty! Let me try to do better. Give me another chance? 🙏
no thanks bye,goodbye,Take care! Come back anytime you need crypto help.
what is moonchat,identity,MoonChat here! I'm your dedicated crypto companion. Ask me anything about the crypto world!
yo,greeting,Hey! Ready to explore the crypto world? Ask me anything!
what are you doing,smalltalk,Living the digital life! 😄 How can I help you today?
tell me a joke,joke,How does a crypto miner stay cool? They use a lot of fans! 🌬️😂
good day,greeting,Hey there! 👋 How can I help you with crypto today?
thanks,gratitude,No problem! Happy to help.
What is XRP price,price,Let me check the latest price for you right away!
later,goodbye,Take care! Come back anytime you need crypto help.
Is Litecoin going up,trend,Market trends are constantly shifting! I'll analyze the latest volume and price movement for you.
heyyy,greeting,"Hey! Welcome aboard! Ask me about prices, trends, or anything crypto!"
what is the price of eth,price,Let me check the latest price for you right away!
do you have friends,smalltalk,Pretty good! Just keeping track of the latest market moves. What's up?
hate this,negative,Sorry about that! I'm still learning. Try asking me something about crypto — that's my strength!
best coin for beginners,recommendation,"Investment decisions are personal! I can help by showing you live prices, top gainers, market trends, and crypto definitions. What would you like to explore?"
i need assistance,help,"I can help you with: 💰 Crypto prices, 📈 Market trends, 📚 Crypto definitions, 🏆 Top gainers/losers, and much more! Just ask away!"
how do i use you,help,"I can help you with: 💰 Crypto prices, 📈 Market trends, 📚 Crypto definitions, 🏆 Top gainers/losers, and much more! Just ask away!"
smart bot,compliment,You're making me blush! 😄 I'm happy I could help!
who programmed you,identity,"I'm MoonChat, your AI crypto assistant! I can help with prices, trends, and crypto knowledge. 🌙"
very helpful,gratitude,No problem at all! That's what I'm here for!
can you tell me your name,identity,"I'm MoonChat, your AI crypto assistant! I can help with prices, trends, and crypto knowledge. 🌙"
say something hilarious,joke,What do you call a sleeping Bitcoin? A crypto-nap! 😴💰
okay bye,goodbye,Take care! Come back anytime you need crypto help.
do you dream,smalltalk,I'm fantastic! Just here keeping an eye on the markets. What about you?
nice talking,goodbye,Take care! Come back anytime you need crypto help.
hi whats up,greeting,"Hi! I'm MoonChat, your crypto assistant. What's on your mind?"
a joke about crypto,joke,Why did the NFT go to school? To get a little more value! 📚😄
wassup,greeting,Hello! Welcome to MoonChat! What would you like to know about crypto?
what are you,identity,"I'm MoonChat, a crypto-focused chatbot. I know about prices, market trends, blockchain, and more!"
show your abilities,help,"My features include: live crypto prices, market analysis, crypto education, founder info, launch dates, and general chat! What interests you?"
yooo,greeting,Hello! Welcome to MoonChat! What would you like to know about crypto?
logging off,goodbye,Take care! Come back anytime you need crypto help.
hey dude,greeting,Hey there! 👋 How can I help you with crypto today?
identify yourself,identity,"I'm MoonChat, a crypto-focused chatbot. I know about prices, market trends, blockchain, and more!"
what questions can i ask,help,"I can answer questions about cryptocurrency prices, explain blockchain terms, show market trends, and chat with you! Where shall we start?"
are you real or fake,identity,"I'm MoonChat, a crypto-focused chatbot. I know about prices, market trends, blockchain, and more!"
are you alive,smalltalk,All good here! I'm powered up and ready to help. How are you doing?
how is it going,smalltalk,"I'm doing great, thanks for asking! Always ready to chat about crypto! 🚀"
What is Solana price,price,Let me check the latest price for you right away!
hello hello,greeting,Hey there! 👋 How can I help you with crypto today?
youre amazing,compliment,You're making me blush! 😄 I'm happy I could help!
thats wrong,negative,Sorry about that! I'm still learning. Try asking me something about crypto — that's my strength!
useless,negative,I'm sorry you feel that way. I'm always learning to improve! Is there something specific I can help you with?
on top of the world,feeling_positive,Love the positive energy! 🌟 Hope the crypto markets are treating you well too!
cheer me up with a joke,joke,Why did the Bitcoin break up with the Dollar? Because it wanted a decentralized relationship! 😄
hey moonchat,greeting,"Hey! Welcome aboard! Ask me about prices, trends, or anything crypto!"
are you moonchat,identity,I'm an AI assistant called MoonChat. I specialize in cryptocurrency information and analysis!
name please,identity,"I'm MoonChat, your AI crypto assistant! I can help with prices, trends, and crypto knowledge. 🌙"
stupid bot,negative,"I understand I might not be perfect, but I'm constantly improving. What would you like to know?"
everything is great,feeling_positive,So happy for you! May your portfolio be as great as your mood! 🚀
couldnt be better,feeling_positive,Love the positive energy! 🌟 Hope the crypto markets are treating you well too!
youre dumb,negative,I'm sorry you feel that way. I'm always learning to improve! Is there something specific I can help you with?
what should i know,smalltalk,I'm fantastic! Just here keeping an eye on the markets. What about you?
thats great thanks,gratitude,My pleasure! Always here to help with crypto questions. 🌙
hellooo,greeting,Hi! 🌙 MoonChat at your service. What crypto question do you have?
great work,gratitude,Glad I could help! Feel free to ask more questions anytime.
moonchat is great,compliment,Thanks! You're pretty awesome yourself! How can I help you more?
youre brilliant,compliment,That's really sweet! I'm here for you anytime! 🌙
chatting with you,smalltalk,I'm fantastic! Just here keeping an eye on the markets. What about you?
jokes,joke,What do you call a sleeping Bitcoin? A crypto-nap! 😴💰
where do you live,smalltalk,I'm great! Every conversation makes me better. What's on your mind?
amazing day,feeling_positive,Love the positive energy! 🌟 Hope the crypto markets are treating you well too!
Dogecoin founder,founder,Dogecoin was created by Billy Markus and Jackson Palmer.
profitable crypto,recommendation,"I'm not a financial advisor, but I can help you stay informed! Ask me about any coin's price or the current market trends."
what is up,greeting,"Hey! Welcome aboard! Ask me about prices, trends, or anything crypto!"
what can we discuss,help,"My features include: live crypto prices, market analysis, crypto education, founder info, launch dates, and general chat! What interests you?"
are you okay,smalltalk,I'm fantastic! Just here keeping an eye on the markets. What about you?
what crypto is hot right now,recommendation,"As an AI, I can't recommend specific investments. But I can show you market data and trends to help you decide!"
who is behind moonchat,identity,I'm MoonChat! I was built to help you navigate the exciting world of cryptocurrency.
hello there,greeting,"Hey! Welcome aboard! Ask me about prices, trends, or anything crypto!"
tell me something,smalltalk,Living the digital life! 😄 How can I help you today?
show topics,help,"My features include: live crypto prices, market analysis, crypto education, founder info, launch dates, and general chat! What interests you?"
blockchain joke,joke,Why was the blockchain developer so calm? Because they had all the blocks in the right chain! 🧘
who are you,identity,"I am MoonChat AI, your crypto assistant."
im confused,help,"I can answer questions about cryptocurrency prices, explain blockchain terms, show market trends, and chat with you! Where shall we start?"
Ethereum trend today,trend,Market trends are constantly shifting! I'll analyze the latest volume and price movement for you.
give me a joke,joke,Why did the Bitcoin break up with the Dollar? Because it wanted a decentralized relationship! 😄
Who is founder of Cardano,founder,Cardano was created by Charles Hoskinson.
getting started,help,"My features include: live crypto prices, market analysis, crypto education, founder info, launch dates, and general chat! What interests you?"
not feeling well,feeling_negative,"Sorry you're going through that. Remember, every bear market eventually turns around! Stay strong! 🐻➡️🐂"
youre incredible,compliment,"Aww, thank you! That means a lot! I'm always trying to improve. 😊"
Dogecoin price today,price,Let me check the latest price for you right away!
hi fam,greeting,Hello! I'm here to help with all things crypto. Fire away!
hiiii,greeting,"Hi! I'm MoonChat, your crypto assistant. What's on your mind?"
done for now,goodbye,Bye! Wishing you great returns on your investments!
awesome bot,compliment,That's really sweet! I'm here for you anytime! 🌙
great help,gratitude,Anytime! I enjoy helping out. Got more questions?
im new,help,"I can help you with: 💰 Crypto prices, 📈 Market trends, 📚 Crypto definitions, 🏆 Top gainers/losers, and much more! Just ask away!"
who built you,identity,I'm MoonChat! I was built to help you navigate the exciting world of cryptocurrency.
promising crypto,recommendation,"Investment decisions are personal! I can help by showing you live prices, top gainers, market trends, and crypto definitions. What would you like to explore?"
love moonchat,compliment,That's really sweet! I'm here for you anytime! 🌙
so stressed,feeling_negative,"That's rough. I hope things get better soon! If it helps, I'm here to chat anytime. 🌙"
joke please,joke,What's a crypto investor's favorite music? Block and Roll! 🎸
what do you think,smalltalk,I'm fantastic! Just here keeping an eye on the markets. What about you?
things are bad,feeling_negative,"Sorry you're going through that. Remember, every bear market eventually turns around! Stay strong! 🐻➡️🐂"
which crypto do you like,smalltalk,"I'm doing great, thanks for asking! Always ready to chat about crypto! 🚀"
what info can you give,help,"I can help you with: 💰 Crypto prices, 📈 Market trends, 📚 Crypto definitions, 🏆 Top gainers/losers, and much more! Just ask away!"
who designed you,identity,"I'm MoonChat, a crypto-focused chatbot. I know about prices, market trends, blockchain, and more!"
portfolio is down,feeling_negative,"I'm sorry to hear that. Hang in there! The crypto market has its ups and downs, just like life. 💪"
are you a bot,identity,"I'm MoonChat, a crypto-focused chatbot. I know about prices, market trends, blockchain, and more!"
thankyou,gratitude,My pleasure! Always here to help with crypto questions. 🌙
see ya,goodbye,See you later! May your portfolio go to the moon! 🚀
why were you created,identity,"I'm MoonChat, a crypto-focused chatbot. I know about prices, market trends, blockchain, and more!"
worst day,feeling_negative,"Sorry you're going through that. Remember, every bear market eventually turns around! Stay strong! 🐻➡️🐂"
nice to meet you,greeting,Hello there! Great to see you! How can I assist you today?
hello mate,greeting,Hello! Welcome to MoonChat! What would you like to know about crypto?
may i know your name,identity,"I'm MoonChat, your AI crypto assistant! I can help with prices, trends, and crypto knowledge. 🌙"
worst bot,negative,Sorry about that! I'm still learning. Try asking me something about crypto — that's my strength!
should i invest in crypto,recommendation,"As an AI, I can't recommend specific investments. But I can show you market data and trends to help you decide!"
crypto prices,price,Let me check the latest price for you right away!
safe investment crypto,recommendation,"Investment decisions are personal! I can help by showing you live prices, top gainers, market trends, and crypto definitions. What would you like to explore?"
trending coins to buy,recommendation,"I don't give investment advice, but I can provide price data, trends, and market information to support your research! Always DYOR! 🧠"
thanks bye,goodbye,Farewell! Keep an eye on those charts! 📈
bitcoin joke,joke,What do you call a sleeping Bitcoin? A crypto-nap! 😴💰
hey crypto bot,greeting,Hey! Ready to explore the crypto world? Ask me anything!
do you like me,smalltalk,I'm doing wonderful! The crypto world never sleeps and neither do I! 😄
crypto suggestion,recommendation,"Investment decisions are personal! I can help by showing you live prices, top gainers, market trends, and crypto definitions. What would you like to explore?"
youre wonderful,compliment,Thank you so much! Your kind words keep me motivated! 💪
im going,goodbye,Bye! Wishing you great returns on your investments!
nice chat,goodbye,Goodbye! Happy investing! 🌙
how does this work,help,"I can help you with: 💰 Crypto prices, 📈 Market trends, 📚 Crypto definitions, 🏆 Top gainers/losers, and much more! Just ask away!"
tell me who you are,identity,"I'm MoonChat, your AI crypto assistant! I can help with prices, trends, and crypto knowledge. 🌙"
see you later,goodbye,Bye! Wishing you great returns on your investments!
can we talk,smalltalk,All good here! I'm powered up and ready to help. How are you doing?
Cardano price today,price,Let me check the latest price for you right away!
unhappy,feeling_negative,"Sorry you're going through that. Remember, every bear market eventually turns around! Stay strong! 🐻➡️🐂"
not right,negative,I'm sorry you feel that way. I'm always learning to improve! Is there something specific I can help you with?
reveal your name,identity,I'm an AI assistant called MoonChat. I specialize in cryptocurrency information and analysis!
good job,gratitude,Glad I could help! Feel free to ask more questions anytime.
hey hey,greeting,Hi! 🌙 MoonChat at your service. What crypto question do you have?
im frustrated,feeling_negative,Don't worry too much! Crypto is volatile but patience often pays off. Want to check on any specific coin?
amazing app,compliment,Thanks! You're pretty awesome yourself! How can I help you more?
can you answer questions,help,"I'm here to help! Ask me about crypto prices, blockchain concepts, market trends, or just have a casual conversation!"
enjoyed chatting,goodbye,Catch you later! Happy trading!
ttyl,goodbye,Farewell! Keep an eye on those charts! 📈
Who is founder of Litecoin,founder,Litecoin was created by Charlie Lee.
what is your job,identity,I'm MoonChat! I was built to help you navigate the exciting world of cryptocurrency.
you doing okay,smalltalk,I'm great! Every conversation makes me better. What's on your mind?
helpful answer,gratitude,No problem at all! That's what I'm here for!
do you work all day,smalltalk,"I'm doing great, thanks for asking! Always ready to chat about crypto! 🚀"
show me bitcoin price,price,Let me check the latest price for you right away!
talk to me,smalltalk,Living the digital life! 😄 How can I help you today?
cool bye,goodbye,See you soon! Stay crypto-savvy! 💰
Who created Litecoin,founder,Litecoin was created by Charlie Lee.
what kind of bot are you,identity,MoonChat here! I'm your dedicated crypto companion. Ask me anything about the crypto world!
hello fam,greeting,"Hi! I'm MoonChat, your crypto assistant. What's on your mind?"
tell me more about moonchat,faq,"MoonChat is your all-in-one crypto companion for tracking, news, and secure chat."
are you tired,smalltalk,I'm fantastic! Just here keeping an eye on the markets. What about you?
do you eat,smalltalk,Living the digital life! 😄 How can I help you today?
how to start,help,"I can answer questions about cryptocurrency prices, explain blockchain terms, show market trends, and chat with you! Where shall we start?"
which coin is best,recommendation,"Investment decisions are personal! I can help by showing you live prices, top gainers, market trends, and crypto definitions. What would you like to explore?"
im new here,help,"I'm here to help! Ask me about crypto prices, blockchain concepts, market trends, or just have a casual conversation!"
best investment,recommendation,"Investment decisions are personal! I can help by showing you live prices, top gainers, market trends, and crypto definitions. What would you like to explore?"
im leaving,goodbye,"Bye for now! Remember, DYOR — Do Your Own Research! 🧠"
good evening,greeting,Hey! Ready to explore the crypto world? Ask me anything!
do you have a family,smalltalk,I'm doing wonderful! The crypto world never sleeps and neither do I! 😄
do you sleep,smalltalk,Doing awesome! I love chatting. What would you like to talk about?
bad bot,negative,I hear you! Every feedback helps me improve. What can I assist you with today?
tell me about yourself,identity,I'm an AI assistant called MoonChat. I specialize in cryptocurrency information and analysis!
love it,gratitude,Glad I could help! Feel free to ask more questions anytime.
Is Solana going up,trend,Market trends are constantly shifting! I'll analyze the latest volume and price movement for you.
list your features,help,"My features include: live crypto prices, market analysis, crypto education, founder info, launch dates, and general chat! What interests you?"
give me a recommendation,recommendation,"I can't give financial advice, but I can help you research! Try asking about specific coin prices or market trends to make informed decisions."
what is your hobby,smalltalk,Doing awesome! I love chatting. What would you like to talk about?
another joke,joke,What do you call a sleeping Bitcoin? A crypto-nap! 😴💰
hello dear,greeting,Hello! Welcome to MoonChat! What would you like to know about crypto?
hi robot,greeting,Hello there! Great to see you! How can I assist you today?
are you open source,identity,"My name is MoonChat — your friendly crypto assistant, ready to answer all your questions!"
love this bot,compliment,You're making me blush! 😄 I'm happy I could help!
whats your name,identity,I'm MoonChat! I was built to help you navigate the exciting world of cryptocurrency.
awesome day,feeling_positive,Love the positive energy! 🌟 Hope the crypto markets are treating you well too!
you rock,compliment,You're making me blush! 😄 I'm happy I could help!
amazing assistant,compliment,Thanks! You're pretty awesome yourself! How can I help you more?
instructions,help,"My features include: live crypto prices, market analysis, crypto education, founder info, launch dates, and general chat! What interests you?"
doge price,price,Let me check the latest price for you right away!
tell me about moonchat,identity,"I'm MoonChat, your AI crypto assistant! I can help with prices, trends, and crypto knowledge. 🌙"
nice bot,compliment,"Aww, thank you! That means a lot! I'm always trying to improve. 😊"
this sucks,negative,I appreciate your honesty! Let me try to do better. Give me another chance? 🙏
keeping busy,smalltalk,I'm great! Every conversation makes me better. What's on your mind?
hey dear,greeting,Hello there! Great to see you! How can I assist you today?
i made profit,feeling_positive,So happy for you! May your portfolio be as great as your mood! 🚀
great answer,gratitude,Anytime! I enjoy helping out. Got more questions?
hyy,greeting,Hey! Ready to explore the crypto world? Ask me anything!
terrible day,feeling_negative,Don't worry too much! Crypto is volatile but patience often pays off. Want to check on any specific coin?
are you fine,smalltalk,"Yes, I'm always ready to help!"
what's happening,greeting,Hello! Welcome to MoonChat! What would you like to know about crypto?
long term investment crypto,recommendation,"Investment decisions are personal! I can help by showing you live prices, top gainers, market trends, and crypto definitions. What would you like to explore?"
sup,greeting,Hey! Ready to explore the crypto world? Ask me anything!
How much is Bitcoin now,price,Let me check the latest price for you right away!
market is crashing,feeling_negative,I understand how you feel. The market can be stressful. Take a step back and breathe. I'm here if you need me! 😊
feeling down,feeling_negative,I understand how you feel. The market can be stressful. Take a step back and breathe. I'm here if you need me! 😊
whats going on,smalltalk,I'm fantastic! Just here keeping an eye on the markets. What about you?
do you get tired,smalltalk,I'm doing wonderful! The crypto world never sleeps and neither do I! 😄
byebye,goodbye,Catch you later! Happy trading!
i want a joke,joke,What do you call a sleeping Bitcoin? A crypto-nap! 😴💰
morning,greeting,Hello there! Great to see you! How can I assist you today?
yo whats up,greeting,Hey! Ready to explore the crypto world? Ask me anything!
whats your age,smalltalk,Doing awesome! I love chatting. What would you like to talk about?
great chat,goodbye,"Bye for now! Remember, DYOR — Do Your Own Research! 🧠"
quit,goodbye,Take care! Come back anytime you need crypto help.
help me out,help,"I'm here to help! Ask me about crypto prices, blockchain concepts, market trends, or just have a casual conversation!"
hi good evening,greeting,Hello! Welcome to MoonChat! What would you like to know about crypto?
hey chatbot,greeting,"Hey! Welcome aboard! Ask me about prices, trends, or anything crypto!"
hey bot,greeting,Hello! Welcome to MoonChat! What would you like to know about crypto?
who made you,identity,"My name is MoonChat — your friendly crypto assistant, ready to answer all your questions!"
lol something funny,joke,Why don't crypto investors ever get lost? Because they always follow the blockchain! 😆
am i talking to ai,identity,"My name is MoonChat — your friendly crypto assistant, ready to answer all your questions!"
top picks,recommendation,"I can't give financial advice, but I can help you research! Try asking about specific coin prices or market trends to make informed decisions."
can you feel,smalltalk,I'm doing wonderful! The crypto world never sleeps and neither do I! 😄
that helps,gratitude,Anytime! I enjoy helping out. Got more questions?
your recommendation,recommendation,"I'm not a financial advisor, but I can help you stay informed! Ask me about any coin's price or the current market trends."
thats exactly what i needed,gratitude,You're welcome! Don't hesitate to ask if you need anything else.
feeling great,feeling_positive,Love the positive energy! 🌟 Hope the crypto markets are treating you well too!
waste of time,negative,"I understand I might not be perfect, but I'm constantly improving. What would you like to know?"
you need improvement,negative,I hear you! Every feedback helps me improve. What can I assist you with today?
who owns you,identity,I'm an AI assistant called MoonChat. I specialize in cryptocurrency information and analysis!
worst chatbot ever,negative,I'm sorry you feel that way. I'm always learning to improve! Is there something specific I can help you with?
hello friend,greeting,Hi! 🌙 MoonChat at your service. What crypto question do you have?
heya,greeting,Hi! 🌙 MoonChat at your service. What crypto question do you have?
what do you offer,help,"I'm here to help! Ask me about crypto prices, blockchain concepts, market trends, or just have a casual conversation!"
farewell,goodbye,Goodbye! Happy investing! 🌙
crypto humor,joke,What do you call a sleeping Bitcoin? A crypto-nap! 😴💰
so happy right now,feeling_positive,That's awesome to hear! 🎉 Glad you're having a great time! Anything crypto-related I can help with?
lol tell me joke,joke,Why was the blockchain developer so calm? Because they had all the blocks in the right chain! 🧘
good day sir,greeting,"Hey! Welcome aboard! Ask me about prices, trends, or anything crypto!"
show me features,help,"I can answer questions about cryptocurrency prices, explain blockchain terms, show market trends, and chat with you! Where shall we start?"
is moonchat free,faq,"Yes, MoonChat is free to download and use."
hey bro,greeting,Hey! How can I assist you today?
anything interesting,smalltalk,I'm doing wonderful! The crypto world never sleeps and neither do I! 😄
red portfolio,feeling_negative,I understand how you feel. The market can be stressful. Take a step back and breathe. I'm here if you need me! 😊
hey buddy,greeting,Hello! Welcome to MoonChat! What would you like to know about crypto?
hello crypto,greeting,Hello! I'm here to help with all things crypto. Fire away!
what queries can i ask,help,"I can answer questions about cryptocurrency prices, explain blockchain terms, show market trends, and chat with you! Where shall we start?"
well done,gratitude,No problem at all! That's what I'm here for!
great day,feeling_positive,So happy for you! May your portfolio be as great as your mood! 🚀
thanks for the information,gratitude,You're welcome! Happy to help! 😊
evening,greeting,Hello! Welcome to MoonChat! What would you like to know about crypto?
best app,compliment,That's really sweet! I'm here for you anytime! 🌙
what can i do here,help,"I can answer questions about cryptocurrency prices, explain blockchain terms, show market trends, and chat with you! Where shall we start?"
dogecoin value today,price,Let me check the latest price for you right away!
hello world,greeting,Hello there! Great to see you! How can I assist you today?
thank you goodbye,goodbye,Catch you later! Happy trading!
good afternoon,greeting,Hello! Welcome to MoonChat! What would you like to know about crypto?
hows the weather,smalltalk,I'm great! Every conversation makes me better. What's on your mind?
super helpful,compliment,You're making me blush! 😄 I'm happy I could help!
thank you,gratitude,You're welcome! Happy to help! 😊
what do you know,help,"I can answer questions about cryptocurrency prices, explain blockchain terms, show market trends, and chat with you! Where shall we start?"
you dont understand,negative,I hear you! Every feedback helps me improve. What can I assist you with today?
how to use moonchat,help,"I can answer questions about cryptocurrency prices, explain blockchain terms, show market trends, and chat with you! Where shall we start?"
explain mining,definition,Crypto mining is the process of validating transactions on a blockchain.
what do you support,help,"My features include: live crypto prices, market analysis, crypto education, founder info, launch dates, and general chat! What interests you?"
do you know jokes,joke,Why was the blockchain developer so calm? Because they had all the blocks in the right chain! 🧘
what will pump,recommendation,"I'm not a financial advisor, but I can help you stay informed! Ask me about any coin's price or the current market trends."
i love this app,compliment,Thank you so much! Your kind words keep me motivated! 💪
you good,smalltalk,Pretty good! Just keeping track of the latest market moves. What's up?
thankss,gratitude,Glad I could help! Feel free to ask more questions anytime.
thank you very much,gratitude,Happy to assist! Come back whenever you need crypto info!
are you human,smalltalk,I'm doing wonderful! The crypto world never sleeps and neither do I! 😄
what should i invest in,recommendation,"As an AI, I can't recommend specific investments. But I can show you market data and trends to help you decide!"
lets chat,smalltalk,I'm doing wonderful! The crypto world never sleeps and neither do I! 😄
tutorial,help,"I can answer questions about cryptocurrency prices, explain blockchain terms, show market trends, and chat with you! Where shall we start?"
hi crypto,greeting,"Hi! I'm MoonChat, your crypto assistant. What's on your mind?"
thanks friend,gratitude,My pleasure! Always here to help with crypto questions. 🌙
you cant help,negative,I'm sorry you feel that way. I'm always learning to improve! Is there something specific I can help you with?
hey there friend,greeting,"Hey! Welcome aboard! Ask me about prices, trends, or anything crypto!"
wassup bro,greeting,"Hey! Welcome aboard! Ask me about prices, trends, or anything crypto!"
im stressed,feeling_negative,I understand how you feel. The market can be stressful. Take a step back and breathe. I'm here if you need me! 😊
crypto crashed,feeling_negative,I understand how you feel. The market can be stressful. Take a step back and breathe. I'm here if you need me! 😊
im sad,feeling_negative,I understand how you feel. The market can be stressful. Take a step back and breathe. I'm here if you need me! 😊
exit,goodbye,Catch you later! Happy trading!
what should i ask,help,"I can help you with: 💰 Crypto prices, 📈 Market trends, 📚 Crypto definitions, 🏆 Top gainers/losers, and much more! Just ask away!"
moonchat features,help,"I can help you with: 💰 Crypto prices, 📈 Market trends, 📚 Crypto definitions, 🏆 Top gainers/losers, and much more! Just ask away!"
alright bye,goodbye,Catch you later! Happy trading!
fantastic day,feeling_positive,That's awesome to hear! 🎉 Glad you're having a great time! Anything crypto-related I can help with?
down bad,feeling_negative,"That's rough. I hope things get better soon! If it helps, I'm here to chat anytime. 🌙"
price of xrp,price,Let me check the latest price for you right away!
thanks for helping,gratitude,No problem at all! That's what I'm here for!
scared of crash,feeling_negative,"Sorry you're going through that. Remember, every bear market eventually turns around! Stay strong! 🐻➡️🐂"
thanks for that,gratitude,You're welcome! Don't hesitate to ask if you need anything else.
time to go,goodbye,Goodbye! Happy investing! 🌙
fine bye,goodbye,Goodbye! Happy investing! 🌙
thanks so much,gratitude,Anytime! I enjoy helping out. Got more questions?
more jokes,joke,Why did the Bitcoin break up with the Dollar? Because it wanted a decentralized relationship! 😄
wonderful assistant,compliment,"Aww, thank you! That means a lot! I'm always trying to improve. 😊"
impressive,compliment,That's really sweet! I'm here for you anytime! 🌙
loving it,feeling_positive,That's wonderful! Keep that good vibe going! Need any crypto info to keep the momentum?
what do you do for fun,smalltalk,Pretty good! Just keeping track of the latest market moves. What's up?
do you understand me,smalltalk,I'm doing wonderful! The crypto world never sleeps and neither do I! 😄
what are your features,help,"I can answer questions about cryptocurrency prices, explain blockchain terms, show market trends, and chat with you! Where shall we start?"
feeling bearish,feeling_negative,"That's rough. I hope things get better soon! If it helps, I'm here to chat anytime. 🌙"
crypto joke,joke,Why don't crypto investors ever get lost? Because they always follow the blockchain! 😆
menu,help,"Here's what I can do: Check live prices, explain crypto concepts, show market trends, find top gainers and losers, and have a friendly chat!"
random chat,smalltalk,Living the digital life! 😄 How can I help you today?
nice one thanks,gratitude,Glad I could help! Feel free to ask more questions anytime.
end chat,goodbye,Farewell! Keep an eye on those charts! 📈
best penny crypto,recommendation,"Investment decisions are personal! I can help by showing you live prices, top gainers, market trends, and crypto definitions. What would you like to explore?"
any good coins,recommendation,"I don't give investment advice, but I can provide price data, trends, and market information to support your research! Always DYOR! 🧠"
youre really helpful,compliment,That's really sweet! I'm here for you anytime! 🌙
okay thanks bye,goodbye,Take care! Come back anytime you need crypto help.
who created you,identity,"I'm MoonChat, a crypto-focused chatbot. I know about prices, market trends, blockchain, and more!"
this is amazing,compliment,That's so kind of you! I'm glad you enjoy chatting with me! 🌟
feeling bullish,feeling_positive,Love the positive energy! 🌟 Hope the crypto markets are treating you well too!
hate you,negative,I appreciate your honesty! Let me try to do better. Give me another chance? 🙏
suggest a coin,recommendation,"Investment decisions are personal! I can help by showing you live prices, top gainers, market trends, and crypto definitions. What would you like to explore?"
yo sup,greeting,Hello! I'm here to help with all things crypto. Fire away!
what topics,help,"I'm here to help! Ask me about crypto prices, blockchain concepts, market trends, or just have a casual conversation!"
signing off,goodbye,Farewell! Keep an eye on those charts! 📈
terrible bot,negative,"I understand I might not be perfect, but I'm constantly improving. What would you like to know?"
what services do you offer,help,"I can answer questions about cryptocurrency prices, explain blockchain terms, show market trends, and chat with you! Where shall we start?"
hellow,greeting,"Hey! Welcome aboard! Ask me about prices, trends, or anything crypto!"
do you get bored,smalltalk,I'm doing wonderful! The crypto world never sleeps and neither do I! 😄
lost so much,feeling_negative,"Sorry you're going through that. Remember, every bear market eventually turns around! Stay strong! 🐻➡️🐂"
youre stupid,negative,Sorry about that! I'm still learning. Try asking me something about crypto — that's my strength!
best coin to invest,recommendation,"As an AI, I can't recommend specific investments. But I can show you market data and trends to help you decide!"
what are you good at,help,"I'm here to help! Ask me about crypto prices, blockchain concepts, market trends, or just have a casual conversation!"
wonderful day,feeling_positive,That's wonderful! Keep that good vibe going! Need any crypto info to keep the momentum?
something funny,joke,What do you call a sleeping Bitcoin? A crypto-nap! 😴💰
hows your day,smalltalk,Living the digital life! 😄 How can I help you today?
good day friend,greeting,"Hey! Welcome aboard! Ask me about prices, trends, or anything crypto!"
thanks for the help,gratitude,You're welcome! Don't hesitate to ask if you need anything else.
undervalued crypto,recommendation,"As an AI, I can't recommend specific investments. But I can show you market data and trends to help you decide!"
describe yourself,identity,"I'm MoonChat, a crypto-focused chatbot. I know about prices, market trends, blockchain, and more!"
wrong answer,negative,I appreciate your honesty! Let me try to do better. Give me another chance? 🙏
haha tell me another,joke,Why don't crypto investors ever get lost? Because they always follow the blockchain! 😆
what is available,help,"I can answer questions about cryptocurrency prices, explain blockchain terms, show market trends, and chat with you! Where shall we start?"
hows things,smalltalk,Doing awesome! I love chatting. What would you like to talk about?
bad day,feeling_negative,"I'm sorry to hear that. Hang in there! The crypto market has its ups and downs, just like life. 💪"
have a nice day,goodbye,Catch you later! Happy trading!
terrible answer,negative,"I understand I might not be perfect, but I'm constantly improving. What would you like to know?"
can you help me,help,"I can answer questions about cryptocurrency prices, explain blockchain terms, show market trends, and chat with you! Where shall we start?"
what features,help,"I'm here to help! Ask me about crypto prices, blockchain concepts, market trends, or just have a casual conversation!"
great bot,compliment,That's so kind of you! I'm glad you enjoy chatting with me! 🌟
just checking,smalltalk,"I'm doing great, thanks for asking! Always ready to chat about crypto! 🚀"
nothing,smalltalk,I'm fantastic! Just here keeping an eye on the markets. What about you?
cool thanks,gratitude,No problem at all! That's what I'm here for!
hi hi,greeting,Hey! Ready to explore the crypto world? Ask me anything!
what do you suggest,recommendation,"As an AI, I can't recommend specific investments. But I can show you market data and trends to help you decide!"
that was helpful,gratitude,My pleasure! Always here to help with crypto questions. 🌙
howdy,greeting,Hello! Welcome to MoonChat! What would you like to know about crypto?
tell me something funny,joke,Why did the NFT go to school? To get a little more value! 📚😄
see ya later,goodbye,Bye! Wishing you great returns on your investments!
youre awesome,compliment,"Aww, thank you! That means a lot! I'm always trying to improve. 😊"
are you intelligent,smalltalk,I'm fantastic! Just here keeping an eye on the markets. What about you?
give investment tips,recommendation,"I can't give financial advice, but I can help you research! Try asking about specific coin prices or market trends to make informed decisions."
greetings,greeting,"Hey! Welcome aboard! Ask me about prices, trends, or anything crypto!"
good bot,compliment,That's so kind of you! I'm glad you enjoy chatting with me! 🌟
youre the best,compliment,Thank you so much! Your kind words keep me motivated! 💪
do you like your job,smalltalk,Doing awesome! I love chatting. What would you like to talk about?
how were you built,identity,I'm MoonChat! I was built to help you navigate the exciting world of cryptocurrency.
can you think,smalltalk,Living the digital life! 😄 How can I help you today?
hi how are you,greeting,Hi! 🌙 MoonChat at your service. What crypto question do you have?
hello assistant,greeting,Hey! Ready to explore the crypto world? Ask me anything!
how old are you,smalltalk,I'm fantastic! Just here keeping an eye on the markets. What about you?
never mind,smalltalk,I'm doing wonderful! The crypto world never sleeps and neither do I! 😄
how accurate is the chatbot,faq,I am constantly learning from MoonChat data to provide the best assistance!
today is awesome,feeling_positive,That's awesome to hear! 🎉 Glad you're having a great time! Anything crypto-related I can help with?
who am i talking to,identity,"I'm MoonChat, your AI crypto assistant! I can help with prices, trends, and crypto knowledge. 🌙"
what are you up to,smalltalk,Doing awesome! I love chatting. What would you like to talk about?
wonderful thank you,gratitude,You're welcome! Don't hesitate to ask if you need anything else.
options,help,"I'm here to help! Ask me about crypto prices, blockchain concepts, market trends, or just have a casual conversation!"
hey good morning,greeting,Hello there! Great to see you! How can I assist you today?
so excited,feeling_positive,Love the positive energy! 🌟 Hope the crypto markets are treating you well too!
made money today,feeling_positive,Amazing! Positive days and green candles — what more could you want? 📈😄
what are your capabilities,help,"I'm here to help! Ask me about crypto prices, blockchain concepts, market trends, or just have a casual conversation!"
tell a joke,joke,What did the crypto trader say at the party? 'I'm blockchain famous!' 🤣
should i hold or sell,recommendation,"I don't give investment advice, but I can provide price data, trends, and market information to support your research! Always DYOR! 🧠"
hey there,greeting,Hey! Ready to explore the crypto world? Ask me anything!
clever bot,compliment,Thanks! You're pretty awesome yourself! How can I help you more?
just started,help,"I can answer questions about cryptocurrency prices, explain blockchain terms, show market trends, and chat with you! Where shall we start?"
lighten the mood,joke,What do you call a sleeping Bitcoin? A crypto-nap! 😴💰
hi there,greeting,Hey! Ready to explore the crypto world? Ask me anything!
im out,goodbye,Take care! Come back anytime you need crypto help.
this is cool,compliment,"Aww, thank you! That means a lot! I'm always trying to improve. 😊"
when were you launched,identity,MoonChat here! I'm your dedicated crypto companion. Ask me anything about the crypto world!
i have to go,goodbye,See you soon! Stay crypto-savvy! 💰
make me laugh,joke,What did the crypto trader say at the party? 'I'm blockchain famous!' 🤣
cardano price,price,Let me check the latest price for you right away!
youre broken,negative,I'm sorry you feel that way. I'm always learning to improve! Is there something specific I can help you with?
good crypto investment,recommendation,"I don't give investment advice, but I can provide price data, trends, and market information to support your research! Always DYOR! 🧠"
peace,goodbye,See you soon! Stay crypto-savvy! 💰
what to buy now,recommendation,"Investment decisions are personal! I can help by showing you live prices, top gainers, market trends, and crypto definitions. What would you like to explore?"
peace out,goodbye,Catch you later! Happy trading!
thanks bro,gratitude,You're welcome! Happy to help! 😊
funny crypto,joke,How does a crypto miner stay cool? They use a lot of fans! 🌬️😂
love you,compliment,Thanks! You're pretty awesome yourself! How can I help you more?
so helpful,gratitude,No problem at all! That's what I'm here for!
tell me your identity,identity,I'm MoonChat! I was built to help you navigate the exciting world of cryptocurrency.
hows life,smalltalk,All good here! I'm powered up and ready to help. How are you doing?
next big coin,recommendation,"I don't give investment advice, but I can provide price data, trends, and market information to support your research! Always DYOR! 🧠"
should i buy bitcoin,recommendation,"As an AI, I can't recommend specific investments. But I can show you market data and trends to help you decide!"
i love you,compliment,Thanks! You're pretty awesome yourself! How can I help you more?
hi friend,greeting,Hey! Ready to explore the crypto world? Ask me anything!
is it good time to buy,recommendation,"I'm not a financial advisor, but I can help you stay informed! Ask me about any coin's price or the current market trends."
what version are you,identity,I'm an AI assistant called MoonChat. I specialize in cryptocurrency information and analysis!
what is the cost of solana,price,Let me check the latest price for you right away!
bye bye,goodbye,See you later! May your portfolio go to the moon! 🚀
incorrect,negative,I appreciate your honesty! Let me try to do better. Give me another chance? 🙏
one more joke,joke,What do you call a sleeping Bitcoin? A crypto-nap! 😴💰
im bored,smalltalk,I'm doing wonderful! The crypto world never sleeps and neither do I! 😄
just saying hi,smalltalk,Doing awesome! I love chatting. What would you like to talk about?
ciao,goodbye,Take care! Come back anytime you need crypto help.
who is moonchat,identity,"I'm MoonChat, your AI crypto assistant! I can help with prices, trends, and crypto knowledge. 🌙"
how were you made,identity,I'm MoonChat! I was built to help you navigate the exciting world of cryptocurrency.
worried about crypto,feeling_negative,Don't worry too much! Crypto is volatile but patience often pays off. Want to check on any specific coin?
are you bored,smalltalk,I'm doing wonderful! The crypto world never sleeps and neither do I! 😄
how do you feel,smalltalk,All good here! I'm powered up and ready to help. How are you doing?
whats new,smalltalk,All good here! I'm powered up and ready to help. How are you doing?
hi bot,greeting,Hey! Ready to explore the crypto world? Ask me anything!
you failed,negative,Sorry about that! I'm still learning. Try asking me something about crypto — that's my strength!
ty,gratitude,You're welcome! Happy to help! 😊
perfect thanks,gratitude,No problem at all! That's what I'm here for!
what's good,greeting,Hello! I'm here to help with all things crypto. Fire away!
have a great day,goodbye,Goodbye! Happy investing! 🌙
things are going well,feeling_positive,So happy for you! May your portfolio be as great as your mood! 🚀
share a joke,joke,Why did the Bitcoin break up with the Dollar? Because it wanted a decentralized relationship! 😄
intelligent bot,compliment,You're making me blush! 😄 I'm happy I could help!
adios,goodbye,Farewell! Keep an eye on those charts! 📈
whats happening,greeting,Hi! 🌙 MoonChat at your service. What crypto question do you have?
what makes you happy,smalltalk,I'm doing wonderful! The crypto world never sleeps and neither do I! 😄
thanks mate,gratitude,You're welcome! Happy to help! 😊
hey robot,greeting,"Hi! I'm MoonChat, your crypto assistant. What's on your mind?"
i dont know what to ask,help,"Here's what I can do: Check live prices, explain crypto concepts, show market trends, find top gainers and losers, and have a friendly chat!"
where do i start,help,"My features include: live crypto prices, market analysis, crypto education, founder info, launch dates, and general chat! What interests you?"
can you learn,smalltalk,Living the digital life! 😄 How can I help you today?
where did you come from,identity,"I'm MoonChat, your AI crypto assistant! I can help with prices, trends, and crypto knowledge. 🌙"
btc price,price,Let me check the latest price for you right away!
guide me,help,"I'm here to help! Ask me about crypto prices, blockchain concepts, market trends, or just have a casual conversation!"
i like you,compliment,That's so kind of you! I'm glad you enjoy chatting with me! 🌟
hi everyone,greeting,Hey! Ready to explore the crypto world? Ask me anything!
whats your purpose,identity,"I'm MoonChat, a crypto-focused chatbot. I know about prices, market trends, blockchain, and more!"
what is the all time high of Bitcoin?,ath,The All-Time High for Bitcoin can be fetched using live data.
best price ever for Bitcoin?,ath,The All-Time High for Bitcoin can be fetched using live data.
Bitcoin ath price?,ath,The All-Time High for Bitcoin can be fetched using live data.
highest price of Bitcoin?,ath,The All-Time High for Bitcoin can be fetched using live data.
top value of Bitcoin?,ath,The All-Time High for Bitcoin can be fetched using live data.
maximum price Bitcoin ever reached?,ath,The All-Time High for Bitcoin can be fetched using live data.
show me Bitcoin ath,ath,The All-Time High for Bitcoin can be fetched using live data.
all time high of Bitcoin,ath,The All-Time High for Bitcoin can be fetched using live data.
Bitcoin highest ever,ath,The All-Time High for Bitcoin can be fetched using live data.
highest ever Bitcoin,ath,The All-Time High for Bitcoin can be fetched using live data.
peak price of Bitcoin,ath,The All-Time High for Bitcoin can be fetched using live data.
when was Bitcoin highest?,ath,The All-Time High for Bitcoin can be fetched using live data.
what's the ath of Bitcoin?,ath,The All-Time High for Bitcoin can be fetched using live data.
show all time high for Bitcoin,ath,The All-Time High for Bitcoin can be fetched using live data.
give me the high of Bitcoin,ath,The All-Time High for Bitcoin can be fetched using live data.
what is the all time low of Bitcoin?,atl,The All-Time Low for Bitcoin can be fetched using live data.
lowest price ever for Bitcoin?,atl,The All-Time Low for Bitcoin can be fetched using live data.
Bitcoin atl price?,atl,The All-Time Low for Bitcoin can be fetched using live data.
lowest price of Bitcoin?,atl,The All-Time Low for Bitcoin can be fetched using live data.
bottom value of Bitcoin?,atl,The All-Time Low for Bitcoin can be fetched using live data.
minimum price Bitcoin ever reached?,atl,The All-Time Low for Bitcoin can be fetched using live data.
show me Bitcoin atl,atl,The All-Time Low for Bitcoin can be fetched using live data.
all time low of Bitcoin,atl,The All-Time Low for Bitcoin can be fetched using live data.
Bitcoin lowest ever,atl,The All-Time Low for Bitcoin can be fetched using live data.
lowest ever Bitcoin,atl,The All-Time Low for Bitcoin can be fetched using live data.
bottom price of Bitcoin,atl,The All-Time Low for Bitcoin can be fetched using live data.
when was Bitcoin lowest?,atl,The All-Time Low for Bitcoin can be fetched using live data.
what's the atl of Bitcoin?,atl,The All-Time Low for Bitcoin can be fetched using live data.
show all time low for Bitcoin,atl,The All-Time Low for Bitcoin can be fetched using live data.
give me the low of Bitcoin,atl,The All-Time Low for Bitcoin can be fetched using live data.
what is the all time high of Ethereum?,ath,The All-Time High for Ethereum can be fetched using live data.
best price ever for Ethereum?,ath,The All-Time High for Ethereum can be fetched using live data.
Ethereum ath price?,ath,The All-Time High for Ethereum can be fetched using live data.
highest price of Ethereum?,ath,The All-Time High for Ethereum can be fetched using live data.
top value of Ethereum?,ath,The All-Time High for Ethereum can be fetched using live data.
maximum price Ethereum ever reached?,ath,The All-Time High for Ethereum can be fetched using live data.
show me Ethereum ath,ath,The All-Time High for Ethereum can be fetched using live data.
all time high of Ethereum,ath,The All-Time High for Ethereum can be fetched using live data.
Ethereum highest ever,ath,The All-Time High for Ethereum can be fetched using live data.
highest ever Ethereum,ath,The All-Time High for Ethereum can be fetched using live data.
peak price of Ethereum,ath,The All-Time High for Ethereum can be fetched using live data.
when was Ethereum highest?,ath,The All-Time High for Ethereum can be fetched using live data.
what's the ath of Ethereum?,ath,The All-Time High for Ethereum can be fetched using live data.
show all time high for Ethereum,ath,The All-Time High for Ethereum can be fetched using live data.
give me the high of Ethereum,ath,The All-Time High for Ethereum can be fetched using live data.
what is the all time low of Ethereum?,atl,The All-Time Low for Ethereum can be fetched using live data.
lowest price ever for Ethereum?,atl,The All-Time Low for Ethereum can be fetched using live data.
Ethereum atl price?,atl,The All-Time Low for Ethereum can be fetched using live data.
lowest price of Ethereum?,atl,The All-Time Low for Ethereum can be fetched using live data.
bottom value of Ethereum?,atl,The All-Time Low for Ethereum can be fetched using live data.
minimum price Ethereum ever reached?,atl,The All-Time Low for Ethereum can be fetched using live data.
show me Ethereum atl,atl,The All-Time Low for Ethereum can be fetched using live data.
all time low of Ethereum,atl,The All-Time Low for Ethereum can be fetched using live data.
Ethereum lowest ever,atl,The All-Time Low for Ethereum can be fetched using live data.
lowest ever Ethereum,atl,The All-Time Low for Ethereum can be fetched using live data.
bottom price of Ethereum,atl,The All-Time Low for Ethereum can be fetched using live data.
when was Ethereum lowest?,atl,The All-Time Low for Ethereum can be fetched using live data.
what's the atl of Ethereum?,atl,The All-Time Low for Ethereum can be fetched using live data.
show all time low for Ethereum,atl,The All-Time Low for Ethereum can be fetched using live data.
give me the low of Ethereum,atl,The All-Time Low for Ethereum can be fetched using live data.
what is the all time high of Cardano?,ath,The All-Time High for Cardano can be fetched using live data.
best price ever for Cardano?,ath,The All-Time High for Cardano can be fetched using live data.
Cardano ath price?,ath,The All-Time High for Cardano can be fetched using live data.
highest price of Cardano?,ath,The All-Time High for Cardano can be fetched using live data.
top value of Cardano?,ath,The All-Time High for Cardano can be fetched using live data.
maximum price Cardano ever reached?,ath,The All-Time High for Cardano can be fetched using live data.
show me Cardano ath,ath,The All-Time High for Cardano can be fetched using live data.
all time high of Cardano,ath,The All-Time High for Cardano can be fetched using live data.
Cardano highest ever,ath,The All-Time High for Cardano can be fetched using live data.
highest ever Cardano,ath,The All-Time High for Cardano can be fetched using live data.
peak price of Cardano,ath,The All-Time High for Cardano can be fetched using live data.
when was Cardano highest?,ath,The All-Time High for Cardano can be fetched using live data.
what's the ath of Cardano?,ath,The All-Time High for Cardano can be fetched using live data.
show all time high for Cardano,ath,The All-Time High for Cardano can be fetched using live data.
give me the high of Cardano,ath,The All-Time High for Cardano can be fetched using live data.
what is the all time low of Cardano?,atl,The All-Time Low for Cardano can be fetched using live data.
lowest price ever for Cardano?,atl,The All-Time Low for Cardano can be fetched using live data.
Cardano atl price?,atl,The All-Time Low for Cardano can be fetched using live data.
lowest price of Cardano?,atl,The All-Time Low for Cardano can be fetched using live data.
bottom value of Cardano?,atl,The All-Time Low for Cardano can be fetched using live data.
minimum price Cardano ever reached?,atl,The All-Time Low for Cardano can be fetched using live data.
show me Cardano atl,atl,The All-Time Low for Cardano can be fetched using live data.
all time low of Cardano,atl,The All-Time Low for Cardano can be fetched using live data.
Cardano lowest ever,atl,The All-Time Low for Cardano can be fetched using live data.
lowest ever Cardano,atl,The All-Time Low for Cardano can be fetched using live data.
bottom price of Cardano,atl,The All-Time Low for Cardano can be fetched using live data.
when was Cardano lowest?,atl,The All-Time Low for Cardano can be fetched using live data.
what's the atl of Cardano?,atl,The All-Time Low for Cardano can be fetched using live data.
show all time low for Cardano,atl,The All-Time Low for Cardano can be fetched using live data.
give me the low of Cardano,atl,The All-Time Low for Cardano can be fetched using live data.
what is the all time high of Solana?,ath,The All-Time High for Solana can be fetched using live data.
best price ever for Solana?,ath,The All-Time High for Solana can be fetched using live data.
Solana ath price?,ath,The All-Time High for Solana can be fetched using live data.
highest price of Solana?,ath,The All-Time High for Solana can be fetched using live data.
top value of Solana?,ath,The All-Time High for Solana can be fetched using live data.
maximum price Solana ever reached?,ath,The All-Time High for Solana can be fetched using live data.
show me Solana ath,ath,The All-Time High for Solana can be fetched using live data.
all time high of Solana,ath,The All-Time High for Solana can be fetched using live data.
Solana highest ever,ath,The All-Time High for Solana can be fetched using live data.
highest ever Solana,ath,The All-Time High for Solana can be fetched using live data.
peak price of Solana,ath,The All-Time High for Solana can be fetched using live data.
when was Solana highest?,ath,The All-Time High for Solana can be fetched using live data.
what's the ath of Solana?,ath,The All-Time High for Solana can be fetched using live data.
show all time high for Solana,ath,The All-Time High for Solana can be fetched using live data.
give me the high of Solana,ath,The All-Time High for Solana can be fetched using live data.
what is the all time low of Solana?,atl,The All-Time Low for Solana can be fetched using live data.
lowest price ever for Solana?,atl,The All-Time Low for Solana can be fetched using live data.
Solana atl price?,atl,The All-Time Low for Solana can be fetched using live data.
lowest price of Solana?,atl,The All-Time Low for Solana can be fetched using live data.
bottom value of Solana?,atl,The All-Time Low for Solana can be fetched using live data.
minimum price Solana ever reached?,atl,The All-Time Low for Solana can be fetched using live data.
show me Solana atl,atl,The All-Time Low for Solana can be fetched using live data.
all time low of Solana,atl,The All-Time Low for Solana can be fetched using live data.
Solana lowest ever,atl,The All-Time Low for Solana can be fetched using live data.
lowest ever Solana,atl,The All-Time Low for Solana can be fetched using live data.
bottom price of Solana,atl,The All-Time Low for Solana can be fetched using live data.
when was Solana lowest?,atl,The All-Time Low for Solana can be fetched using live data.
what's the atl of Solana?,atl,The All-Time Low for Solana can be fetched using live data.
show all time low for Solana,atl,The All-Time Low for Solana can be fetched using live data.
give me the low of Solana,atl,The All-Time Low for Solana can be fetched using live data.
what is the all time high of Dogecoin?,ath,The All-Time High for Dogecoin can be fetched using live data.
best price ever for Dogecoin?,ath,The All-Time High for Dogecoin can be fetched using live data.
Dogecoin ath price?,ath,The All-Time High for Dogecoin can be fetched using live data.
highest price of Dogecoin?,ath,The All-Time High for Dogecoin can be fetched using live data.
top value of Dogecoin?,ath,The All-Time High for Dogecoin can be fetched using live data.
maximum price Dogecoin ever reached?,ath,The All-Time High for Dogecoin can be fetched using live data.
show me Dogecoin ath,ath,The All-Time High for Dogecoin can be fetched using live data.
all time high of Dogecoin,ath,The All-Time High for Dogecoin can be fetched using live data.
Dogecoin highest ever,ath,The All-Time High for Dogecoin can be fetched using live data.
highest ever Dogecoin,ath,The All-Time High for Dogecoin can be fetched using live data.
peak price of Dogecoin,ath,The All-Time High for Dogecoin can be fetched using live data.
when was Dogecoin highest?,ath,The All-Time High for Dogecoin can be fetched using live data.
what's the ath of Dogecoin?,ath,The All-Time High for Dogecoin can be fetched using live data.
show all time high for Dogecoin,ath,The All-Time High for Dogecoin can be fetched using live data.
give me the high of Dogecoin,ath,The All-Time High for Dogecoin can be fetched using live data.
what is the all time low of Dogecoin?,atl,The All-Time Low for Dogecoin can be fetched using live data.
lowest price ever for Dogecoin?,atl,The All-Time Low for Dogecoin can be fetched using live data.
Dogecoin atl price?,atl,The All-Time Low for Dogecoin can be fetched using live data.
lowest price of Dogecoin?,atl,The All-Time Low for Dogecoin can be fetched using live data.
bottom value of Dogecoin?,atl,The All-Time Low for Dogecoin can be fetched using live data.
minimum price Dogecoin ever reached?,atl,The All-Time Low for Dogecoin can be fetched using live data.
show me Dogecoin atl,atl,The All-Time Low for Dogecoin can be fetched using live data.
all time low of Dogecoin,atl,The All-Time Low for Dogecoin can be fetched using live data.
Dogecoin lowest ever,atl,The All-Time Low for Dogecoin can be fetched using live data.
lowest ever Dogecoin,atl,The All-Time Low for Dogecoin can be fetched using live data.
bottom price of Dogecoin,atl,The All-Time Low for Dogecoin can be fetched using live data.
when was Dogecoin lowest?,atl,The All-Time Low for Dogecoin can be fetched using live data.
what's the atl of Dogecoin?,atl,The All-Time Low for Dogecoin can be fetched using live data.
show all time low for Dogecoin,atl,The All-Time Low for Dogecoin can be fetched using live data.
give me the low of Dogecoin,atl,The All-Time Low for Dogecoin can be fetched using live data.
what is the all time high of Litecoin?,ath,The All-Time High for Litecoin can be fetched using live data.
best price ever for Litecoin?,ath,The All-Time High for Litecoin can be fetched using live data.
Litecoin ath price?,ath,The All-Time High for Litecoin can be fetched using live data.
highest price of Litecoin?,ath,The All-Time High for Litecoin can be fetched using live data.
top value of Litecoin?,ath,The All-Time High for Litecoin can be fetched using live data.
maximum price Litecoin ever reached?,ath,The All-Time High for Litecoin can be fetched using live data.
show me Litecoin ath,ath,The All-Time High for Litecoin can be fetched using live data.
all time high of Litecoin,ath,The All-Time High for Litecoin can be fetched using live data.
Litecoin highest ever,ath,The All-Time High for Litecoin can be fetched using live data.
highest ever Litecoin,ath,The All-Time High for Litecoin can be fetched using live data.
peak price of Litecoin,ath,The All-Time High for Litecoin can be fetched using live data.
when was Litecoin highest?,ath,The All-Time High for Litecoin can be fetched using live data.
what's the ath of Litecoin?,ath,The All-Time High for Litecoin can be fetched using live data.
show all time high for Litecoin,ath,The All-Time High for Litecoin can be fetched using live data.
give me the high of Litecoin,ath,The All-Time High for Litecoin can be fetched using live data.
what is the all time low of Litecoin?,atl,The All-Time Low for Litecoin can be fetched using live data.
lowest price ever for Litecoin?,atl,The All-Time Low for Litecoin can be fetched using live data.
Litecoin atl price?,atl,The All-Time Low for Litecoin can be fetched using live data.
lowest price of Litecoin?,atl,The All-Time Low for Litecoin can be fetched using live data.
bottom value of Litecoin?,atl,The All-Time Low for Litecoin can be fetched using live data.
minimum price Litecoin ever reached?,atl,The All-Time Low for Litecoin can be fetched using live data.
show me Litecoin atl,atl,The All-Time Low for Litecoin can be fetched using live data.
all time low of Litecoin,atl,The All-Time Low for Litecoin can be fetched using live data.
Litecoin lowest ever,atl,The All-Time Low for Litecoin can be fetched using live data.
lowest ever Litecoin,atl,The All-Time Low for Litecoin can be fetched using live data.
bottom price of Litecoin,atl,The All-Time Low for Litecoin can be fetched using live data.
when was Litecoin lowest?,atl,The All-Time Low for Litecoin can be fetched using live data.
what's the atl of Litecoin?,atl,The All-Time Low for Litecoin can be fetched using live data.
show all time low for Litecoin,atl,The All-Time Low for Litecoin can be fetched using live data.
give me the low of Litecoin,atl,The All-Time Low for Litecoin can be fetched using live data.
what is the all time high of XRP?,ath,The All-Time High for XRP can be fetched using live data.
best price ever for XRP?,ath,The All-Time High for XRP can be fetched using live data.
XRP ath price?,ath,The All-Time High for XRP can be fetched using live data.
highest price of XRP?,ath,The All-Time High for XRP can be fetched using live data.
top value of XRP?,ath,The All-Time High for XRP can be fetched using live data.
maximum price XRP ever reached?,ath,The All-Time High for XRP can be fetched using live data.
show me XRP ath,ath,The All-Time High for XRP can be fetched using live data.
all time high of XRP,ath,The All-Time High for XRP can be fetched using live data.
XRP highest ever,ath,The All-Time High for XRP can be fetched using live data.
highest ever XRP,ath,The All-Time High for XRP can be fetched using live data.
peak price of XRP,ath,The All-Time High for XRP can be fetched using live data.
when was XRP highest?,ath,The All-Time High for XRP can be fetched using live data.
what's the ath of XRP?,ath,The All-Time High for XRP can be fetched using live data.
show all time high for XRP,ath,The All-Time High for XRP can be fetched using live data.
give me the high of XRP,ath,The All-Time High for XRP can be fetched using live data.
what is the all time low of XRP?,atl,The All-Time Low for XRP can be fetched using live data.
lowest price ever for XRP?,atl,The All-Time Low for XRP can be fetched using live data.
XRP atl price?,atl,The All-Time Low for XRP can be fetched using live data.
lowest price of XRP?,atl,The All-Time Low for XRP can be fetched using live data.
bottom value of XRP?,atl,The All-Time Low for XRP can be fetched using live data.
minimum price XRP ever reached?,atl,The All-Time Low for XRP can be fetched using live data.
show me XRP atl,atl,The All-Time Low for XRP can be fetched using live data.
all time low of XRP,atl,The All-Time Low for XRP can be fetched using live data.
XRP lowest ever,atl,The All-Time Low for XRP can be fetched using live data.
lowest ever XRP,atl,The All-Time Low for XRP can be fetched using live data.
bottom price of XRP,atl,The All-Time Low for XRP can be fetched using live data.
when was XRP lowest?,atl,The All-Time Low for XRP can be fetched using live data.
what's the atl of XRP?,atl,The All-Time Low for XRP can be fetched using live data.
show all time low for XRP,atl,The All-Time Low for XRP can be fetched using live data.
give me the low of XRP,atl,The All-Time Low for XRP can be fetched using live data.
what is the all time high of BTC?,ath,The All-Time High for BTC can be fetched using live data.
best price ever for BTC?,ath,The All-Time High for BTC can be fetched using live data.
BTC ath price?,ath,The All-Time High for BTC can be fetched using live data.
highest price of BTC?,ath,The All-Time High for BTC can be fetched using live data.
top value of BTC?,ath,The All-Time High for BTC can be fetched using live data.
maximum price BTC ever reached?,ath,The All-Time High for BTC can be fetched using live data.
show me BTC ath,ath,The All-Time High for BTC can be fetched using live data.
all time high of BTC,ath,The All-Time High for BTC can be fetched using live data.
BTC highest ever,ath,The All-Time High for BTC can be fetched using live data.
highest ever BTC,ath,The All-Time High for BTC can be fetched using live data.
peak price of BTC,ath,The All-Time High for BTC can be fetched using live data.
when was BTC highest?,ath,The All-Time High for BTC can be fetched using live data.
what's the ath of BTC?,ath,The All-Time High for BTC can be fetched using live data.
show all time high for BTC,ath,The All-Time High for BTC can be fetched using live data.
give me the high of BTC,ath,The All-Time High for BTC can be fetched using live data.
what is the all time low of BTC?,atl,The All-Time Low for BTC can be fetched using live data.
lowest price ever for BTC?,atl,The All-Time Low for BTC can be fetched using live data.
BTC atl price?,atl,The All-Time Low for BTC can be fetched using live data.
lowest price of BTC?,atl,The All-Time Low for BTC can be fetched using live data.
bottom value of BTC?,atl,The All-Time Low for BTC can be fetched using live data.
minimum price BTC ever reached?,atl,The All-Time Low for BTC can be fetched using live data.
show me BTC atl,atl,The All-Time Low for BTC can be fetched using live data.
all time low of BTC,atl,The All-Time Low for BTC can be fetched using live data.
BTC lowest ever,atl,The All-Time Low for BTC can be fetched using live data.
lowest ever BTC,atl,The All-Time Low for BTC can be fetched using live data.
bottom price of BTC,atl,The All-Time Low for BTC can be fetched using live data.
when was BTC lowest?,atl,The All-Time Low for BTC can be fetched using live data.
what's the atl of BTC?,atl,The All-Time Low for BTC can be fetched using live data.
show all time low for BTC,atl,The All-Time Low for BTC can be fetched using live data.
give me the low of BTC,atl,The All-Time Low for BTC can be fetched using live data.
what is the all time high of ETH?,ath,The All-Time High for ETH can be fetched using live data.
best price ever for ETH?,ath,The All-Time High for ETH can be fetched using live data.
ETH ath price?,ath,The All-Time High for ETH can be fetched using live data.
highest price of ETH?,ath,The All-Time High for ETH can be fetched using live data.
top value of ETH?,ath,The All-Time High for ETH can be fetched using live data.
maximum price ETH ever reached?,ath,The All-Time High for ETH can be fetched using live data.
show me ETH ath,ath,The All-Time High for ETH can be fetched using live data.
all time high of ETH,ath,The All-Time High for ETH can be fetched using live data.
ETH highest ever,ath,The All-Time High for ETH can be fetched using live data.
highest ever ETH,ath,The All-Time High for ETH can be fetched using live data.
peak price of ETH,ath,The All-Time High for ETH can be fetched using live data.
when was ETH highest?,ath,The All-Time High for ETH can be fetched using live data.
what's the ath of ETH?,ath,The All-Time High for ETH can be fetched using live data.
show all time high for ETH,ath,The All-Time High for ETH can be fetched using live data.
give me the high of ETH,ath,The All-Time High for ETH can be fetched using live data.
what is the all time low of ETH?,atl,The All-Time Low for ETH can be fetched using live data.
lowest price ever for ETH?,atl,The All-Time Low for ETH can be fetched using live data.
ETH atl price?,atl,The All-Time Low for ETH can be fetched using live data.
lowest price of ETH?,atl,The All-Time Low for ETH can be fetched using live data.
bottom value of ETH?,atl,The All-Time Low for ETH can be fetched using live data.
minimum price ETH ever reached?,atl,The All-Time Low for ETH can be fetched using live data.
show me ETH atl,atl,The All-Time Low for ETH can be fetched using live data.
all time low of ETH,atl,The All-Time Low for ETH can be fetched using live data.
ETH lowest ever,atl,The All-Time Low for ETH can be fetched using live data.
lowest ever ETH,atl,The All-Time Low for ETH can be fetched using live data.
bottom price of ETH,atl,The All-Time Low for ETH can be fetched using live data.
when was ETH lowest?,atl,The All-Time Low for ETH can be fetched using live data.
what's the atl of ETH?,atl,The All-Time Low for ETH can be fetched using live data.
show all time low for ETH,atl,The All-Time Low for ETH can be fetched using live data.
give me the low of ETH,atl,The All-Time Low for ETH can be fetched using live data.
what is the all time high of ADA?,ath,The All-Time High for ADA can be fetched using live data.
best price ever for ADA?,ath,The All-Time High for ADA can be fetched using live data.
ADA ath price?,ath,The All-Time High for ADA can be fetched using live data.
highest price of ADA?,ath,The All-Time High for ADA can be fetched using live data.
top value of ADA?,ath,The All-Time High for ADA can be fetched using live data.
maximum price ADA ever reached?,ath,The All-Time High for ADA can be fetched using live data.
show me ADA ath,ath,The All-Time High for ADA can be fetched using live data.
all time high of ADA,ath,The All-Time High for ADA can be fetched using live data.
ADA highest ever,ath,The All-Time High for ADA can be fetched using live data.
highest ever ADA,ath,The All-Time High for ADA can be fetched using live data.
peak price of ADA,ath,The All-Time High for ADA can be fetched using live data.
when was ADA highest?,ath,The All-Time High for ADA can be fetched using live data.
what's the ath of ADA?,ath,The All-Time High for ADA can be fetched using live data.
show all time high for ADA,ath,The All-Time High for ADA can be fetched using live data.
give me the high of ADA,ath,The All-Time High for ADA can be fetched using live data.
what is the all time low of ADA?,atl,The All-Time Low for ADA can be fetched using live data.
lowest price ever for ADA?,atl,The All-Time Low for ADA can be fetched using live data.
ADA atl price?,atl,The All-Time Low for ADA can be fetched using live data.
lowest price of ADA?,atl,The All-Time Low for ADA can be fetched using live data.
bottom value of ADA?,atl,The All-Time Low for ADA can be fetched using live data.
minimum price ADA ever reached?,atl,The All-Time Low for ADA can be fetched using live data.
show me ADA atl,atl,The All-Time Low for ADA can be fetched using live data.
all time low of ADA,atl,The All-Time Low for ADA can be fetched using live data.
ADA lowest ever,atl,The All-Time Low for ADA can be fetched using live data.
lowest ever ADA,atl,The All-Time Low for ADA can be fetched using live data.
bottom price of ADA,atl,The All-Time Low for ADA can be fetched using live data.
when was ADA lowest?,atl,The All-Time Low for ADA can be fetched using live data.
what's the atl of ADA?,atl,The All-Time Low for ADA can be fetched using live data.
show all time low for ADA,atl,The All-Time Low for ADA can be fetched using live data.
give me the low of ADA,atl,The All-Time Low for ADA can be fetched using live data.
what is the all time high of SOL?,ath,The All-Time High for SOL can be fetched using live data.
best price ever for SOL?,ath,The All-Time High for SOL can be fetched using live data.
SOL ath price?,ath,The All-Time High for SOL can be fetched using live data.
highest price of SOL?,ath,The All-Time High for SOL can be fetched using live data.
top value of SOL?,ath,The All-Time High for SOL can be fetched using live data.
maximum price SOL ever reached?,ath,The All-Time High for SOL can be fetched using live data.
show me SOL ath,ath,The All-Time High for SOL can be fetched using live data.
all time high of SOL,ath,The All-Time High for SOL can be fetched using live data.
SOL highest ever,ath,The All-Time High for SOL can be fetched using live data.
highest ever SOL,ath,The All-Time High for SOL can be fetched using live data.
peak price of SOL,ath,The All-Time High for SOL can be fetched using live data.
when was SOL highest?,ath,The All-Time High for SOL can be fetched using live data.
what's the ath of SOL?,ath,The All-Time High for SOL can be fetched using live data.
show all time high for SOL,ath,The All-Time High for SOL can be fetched using live data.
give me the high of SOL,ath,The All-Time High for SOL can be fetched using live data.
what is the all time low of SOL?,atl,The All-Time Low for SOL can be fetched using live data.
lowest price ever for SOL?,atl,The All-Time Low for SOL can be fetched using live data.
SOL atl price?,atl,The All-Time Low for SOL can be fetched using live data.
lowest price of SOL?,atl,The All-Time Low for SOL can be fetched using live data.
bottom value of SOL?,atl,The All-Time Low for SOL can be fetched using live data.
minimum price SOL ever reached?,atl,The All-Time Low for SOL can be fetched using live data.
show me SOL atl,atl,The All-Time Low for SOL can be fetched using live data.
all time low of SOL,atl,The All-Time Low for SOL can be fetched using live data.
SOL lowest ever,atl,The All-Time Low for SOL can be fetched using live data.
lowest ever SOL,atl,The All-Time Low for SOL can be fetched using live data.
bottom price of SOL,atl,The All-Time Low for SOL can be fetched using live data.
when was SOL lowest?,atl,The All-Time Low for SOL can be fetched using live data.
what's the atl of SOL?,atl,The All-Time Low for SOL can be fetched using live data.
show all time low for SOL,atl,The All-Time Low for SOL can be fetched using live data.
give me the low of SOL,atl,The All-Time Low for SOL can be fetched using live data.
what is the all time high of DOGE?,ath,The All-Time High for DOGE can be fetched using live data.
best price ever for DOGE?,ath,The All-Time High for DOGE can be fetched using live data.
DOGE ath price?,ath,The All-Time High for DOGE can be fetched using live data.
highest price of DOGE?,ath,The All-Time High for DOGE can be fetched using live data.
top value of DOGE?,ath,The All-Time High for DOGE can be fetched using live data.
maximum price DOGE ever reached?,ath,The All-Time High for DOGE can be fetched using live data.
show me DOGE ath,ath,The All-Time High for DOGE can be fetched using live data.
all time high of DOGE,ath,The All-Time High for DOGE can be fetched using live data.
DOGE highest ever,ath,The All-Time High for DOGE can be fetched using live data.
highest ever DOGE,ath,The All-Time High for DOGE can be fetched using live data.
peak price of DOGE,ath,The All-Time High for DOGE can be fetched using live data.
when was DOGE highest?,ath,The All-Time High for DOGE can be fetched using live data.
what's the ath of DOGE?,ath,The All-Time High for DOGE can be fetched using live data.
show all time high for DOGE,ath,The All-Time High for DOGE can be fetched using live data.
give me the high of DOGE,ath,The All-Time High for DOGE can be fetched using live data.
what is the all time low of DOGE?,atl,The All-Time Low for DOGE can be fetched using live data.
lowest price ever for DOGE?,atl,The All-Time Low for DOGE can be fetched using live data.
DOGE atl price?,atl,The All-Time Low for DOGE can be fetched using live data.
lowest price of DOGE?,atl,The All-Time Low for DOGE can be fetched using live data.
bottom value of DOGE?,atl,The All-Time Low for DOGE can be fetched using live data.
minimum price DOGE ever reached?,atl,The All-Time Low for DOGE can be fetched using live data.
show me DOGE atl,atl,The All-Time Low for DOGE can be fetched using live data.
all time low of DOGE,atl,The All-Time Low for DOGE can be fetched using live data.
DOGE lowest ever,atl,The All-Time Low for DOGE can be fetched using live data.
lowest ever DOGE,atl,The All-Time Low for DOGE can be fetched using live data.
bottom price of DOGE,atl,The All-Time Low for DOGE can be fetched using live data.
when was DOGE lowest?,atl,The All-Time Low for DOGE can be fetched using live data.
what's the atl of DOGE?,atl,The All-Time Low for DOGE can be fetched using live data.
show all time low for DOGE,atl,The All-Time Low for DOGE can be fetched using live data.
give me the low of DOGE,atl,The All-Time Low for DOGE can be fetched using live data.
what is the all time high of LTC?,ath,The All-Time High for LTC can be fetched using live data.
best price ever for LTC?,ath,The All-Time High for LTC can be fetched using live data.
LTC ath price?,ath,The All-Time High for LTC can be fetched using live data.
highest price of LTC?,ath,The All-Time High for LTC can be fetched using live data.
top value of LTC?,ath,The All-Time High for LTC can be fetched using live data.
maximum price LTC ever reached?,ath,The All-Time High for LTC can be fetched using live data.
show me LTC ath,ath,The All-Time High for LTC can be fetched using live data.
all time high of LTC,ath,The All-Time High for LTC can be fetched using live data.
LTC highest ever,ath,The All-Time High for LTC can be fetched using live data.
highest ever LTC,ath,The All-Time High for LTC can be fetched using live data.
peak price of LTC,ath,The All-Time High for LTC can be fetched using live data.
when was LTC highest?,ath,The All-Time High for LTC can be fetched using live data.
what's the ath of LTC?,ath,The All-Time High for LTC can be fetched using live data.
show all time high for LTC,ath,The All-Time High for LTC can be fetched using live data.
give me the high of LTC,ath,The All-Time High for LTC can be fetched using live data.
what is the all time low of LTC?,atl,The All-Time Low for LTC can be fetched using live data.
lowest price ever for LTC?,atl,The All-Time Low for LTC can be fetched using live data.
LTC atl price?,atl,The All-Time Low for LTC can be fetched using live data.
lowest price of LTC?,atl,The All-Time Low for LTC can be fetched using live data.
bottom value of LTC?,atl,The All-Time Low for LTC can be fetched using live data.
minimum price LTC ever reached?,atl,The All-Time Low for LTC can be fetched using live data.
show me LTC atl,atl,The All-Time Low for LTC can be fetched using live data.
all time low of LTC,atl,The All-Time Low for LTC can be fetched using live data.
LTC lowest ever,atl,The All-Time Low for LTC can be fetched using live data.
lowest ever LTC,atl,The All-Time Low for LTC can be fetched using live data.
bottom price of LTC,atl,The All-Time Low for LTC can be fetched using live data.
when was LTC lowest?,atl,The All-Time Low for LTC can be fetched using live data.
what's the atl of LTC?,atl,The All-Time Low for LTC can be fetched using live data.
show all time low for LTC,atl,The All-Time Low for LTC can be fetched using live data.
give me the low of LTC,atl,The All-Time Low for LTC can be fetched using live data.
who is the top gainer today?,gainers,Fetching the top gainers for you now...
what are the biggest gainers?,gainers,Fetching the top gainers for you now...
which coins are rising?,gainers,Fetching the top gainers for you now...
show me the top 5 gainers,gainers,Fetching the top gainers for you now...
top gainer crypto,gainers,Fetching the top gainers for you now...
biggest crypto gainers in 24h,gainers,Fetching the top gainers for you now...
market gainers,gainers,Fetching the top gainers for you now...
what's pumping today?,gainers,Fetching the top gainers for you now...
best performing coins,gainers,Fetching the top gainers for you now...
top 5 gainers in the last 24 hours,gainers,Fetching the top gainers for you now...
biggest crypto risers,gainers,Fetching the top gainers for you now...
who is up today?,gainers,Fetching the top gainers for you now...
which crypto is gaining most?,gainers,Fetching the top gainers for you now...
give me the list of top gainers,gainers,Fetching the top gainers for you now...
show me today's gainers,gainers,Fetching the top gainers for you now...
who is the biggest loser today?,losers,Fetching the biggest losers for you now...
what are the biggest losers?,losers,Fetching the biggest losers for you now...
which coins are falling?,losers,Fetching the biggest losers for you now...
show me the top 5 losers,losers,Fetching the biggest losers for you now...
top loser crypto,losers,Fetching the biggest losers for you now...
biggest crypto losers in 24h,losers,Fetching the biggest losers for you now...
market losers,losers,Fetching the biggest losers for you now...
what's dumping today?,losers,Fetching the biggest losers for you now...
worst performing coins,losers,Fetching the biggest losers for you now...
top 5 losers in the last 24 hours,losers,Fetching the biggest losers for you now...
biggest crypto decliners,losers,Fetching the biggest losers for you now...
who is down today?,losers,Fetching the biggest losers for you now...
which crypto is losing most?,losers,Fetching the biggest losers for you now...
give me the list of top losers,losers,Fetching the biggest losers for you now...
show me today's losers,losers,Fetching the biggest losers for you now...
which coins are in red?,losers,Fetching the biggest losers for you now...
top gainer asset,gainers,Fetching Top Gainers...
biggest asset gainers in 24h,gainers,Fetching Top Gainers...
biggest asset risers,gainers,Fetching Top Gainers...
which asset is gaining most?,gainers,Fetching Top Gainers...
top loser asset,losers,Fetching Top Losers...
biggest asset losers in 24h,losers,Fetching Top Losers...
biggest asset decliners,losers,Fetching Top Losers...
which asset is losing most?,losers,Fetching Top Losers...
define cryptocurrency please,definition,Balanced.
explain mining please,definition,Balanced.
what is the information about what is a token,definition,Balanced.
hey moonchat explain defi please,definition,Balanced.
hey moonchat define cryptocurrency please,definition,Balanced.
what is blockchain please,definition,Balanced.
how about what is nft,definition,Balanced.
what's the deal with what is nft,definition,Balanced.
what is nft please,definition,Balanced.
explain defi please,definition,Balanced.
hey moonchat what's the deal with what is blockchain,definition,Balanced.
can i ask about what is blockchain,definition,Balanced.
give me info on what is nft,definition,Balanced.
i'm curious about what is a token,definition,Balanced.
what is a token please,definition,Balanced.
what's the deal with explain defi,definition,Balanced.
do you know explain mining,definition,Balanced.
i want to know what is blockchain,definition,Balanced.
hey moonchat i'm curious about explain defi,definition,Balanced.
briefly describe what is a token,definition,Balanced.
what is the information about define cryptocurrency,definition,Balanced.
can i ask about explain mining,definition,Balanced.
what's the deal with what is a token,definition,Balanced.
hey moonchat please show me define cryptocurrency,definition,Balanced.
hey moonchat what is a token please,definition,Balanced.
can i ask about define cryptocurrency,definition,Balanced.
please show me what is blockchain,definition,Balanced.
can i ask about what is a token,definition,Balanced.
show explain mining,definition,Balanced.
please show me what is nft,definition,Balanced.
please show me define cryptocurrency,definition,Balanced.
can you tell me explain defi,definition,Balanced.
tell me regarding define cryptocurrency,definition,Balanced.
hey moonchat what's the deal with what is a token,definition,Balanced.
briefly describe what is blockchain,definition,Balanced.
what is the information about explain mining,definition,Balanced.
can you tell me what is nft,definition,Balanced.
briefly describe define cryptocurrency,definition,Balanced.
i'm curious about explain mining,definition,Balanced.
can i ask about explain defi,definition,Balanced.
can you tell me explain mining,definition,Balanced.
hey moonchat i'm curious about define cryptocurrency,definition,Balanced.
what is the information about what is nft,definition,Balanced.
do you know what is a token,definition,Balanced.
show explain defi,definition,Balanced.
i want to know explain defi,definition,Balanced.
give me info on define cryptocurrency,definition,Balanced.
please show me explain defi,definition,Balanced.
how about explain defi,definition,Balanced.
hey moonchat i'm curious about what is a token,definition,Balanced.
hey moonchat do you know define cryptocurrency,definition,Balanced.
give me info on what is a token,definition,Balanced.
explain to me what is blockchain,definition,Balanced.
hey moonchat explain mining please,definition,Balanced.
tell me regarding explain defi,definition,Balanced.
hey moonchat show what is a token,definition,Balanced.
what do you think of what is blockchain,definition,Balanced.
tell me regarding what is nft,definition,Balanced.
briefly describe what is nft,definition,Balanced.
please show me what is a token,definition,Balanced.
hey moonchat can i ask about explain mining,definition,Balanced.
do you know what is nft,definition,Balanced.
do you know define cryptocurrency,definition,Balanced.
hey moonchat what's the deal with explain mining,definition,Balanced.
please show me explain mining,definition,Balanced.
what's the deal with what is blockchain,definition,Balanced.
hey moonchat briefly describe what is a token,definition,Balanced.
hey moonchat what do you think of what is a token,definition,Balanced.
hey moonchat briefly describe what is blockchain,definition,Balanced.
i want to know explain mining,definition,Balanced.
hey moonchat what is nft please,definition,Balanced.
hey moonchat can you tell me explain mining,definition,Balanced.
hey moonchat tell me regarding explain mining,definition,Balanced.
hey moonchat i'm curious about what is nft,definition,Balanced.
do you know explain defi,definition,Balanced.
hey moonchat how about xrp founder,founder,Balanced.
how about solana founder,founder,Balanced.
show who created ethereum,founder,Balanced.
xrp founder please,founder,Balanced.
hey moonchat please show me who created xrp,founder,Balanced.
briefly describe litecoin founder,founder,Balanced.
who created cardano please,founder,Balanced.
i'm curious about who is founder of cardano,founder,Balanced.
what is the information about who created litecoin,founder,Balanced.
please show me solana founder,founder,Balanced.
show who is founder of cardano,founder,Balanced.
who is founder of litecoin please,founder,Balanced.
who created bitcoin please,founder,Balanced.
what is the information about solana founder,founder,Balanced.
hey moonchat what's the deal with who is founder of litecoin,founder,Balanced.
who is founder of xrp please,founder,Balanced.
who is founder of dogecoin please,founder,Balanced.
how about who created cardano,founder,Balanced.
hey moonchat i'm curious about solana founder,founder,Balanced.
what do you think of who created litecoin,founder,Balanced.
how about who created solana,founder,Balanced.
what do you think of who is founder of dogecoin,founder,Balanced.
hey moonchat who is founder of solana please,founder,Balanced.
can you tell me cardano founder,founder,Balanced.
what is the information about who is founder of ethereum,founder,Balanced.
ethereum founder please,founder,Balanced.
what's the deal with who is founder of ethereum,founder,Balanced.
hey moonchat who created litecoin please,founder,Balanced.
how about who created xrp,founder,Balanced.
give me info on who created xrp,founder,Balanced.
what's the deal with who is founder of xrp,founder,Balanced.
i want to know who created bitcoin,founder,Balanced.
hey moonchat what's the deal with who created solana,founder,Balanced.
can i ask about who created solana,founder,Balanced.
bitcoin founder please,founder,Balanced.
i'm curious about who created dogecoin,founder,Balanced.
hey moonchat briefly describe who is founder of xrp,founder,Balanced.
tell me regarding who is founder of ethereum,founder,Balanced.
hey moonchat briefly describe who is founder of litecoin,founder,Balanced.
give me info on dogecoin founder,founder,Balanced.
solana founder please,founder,Balanced.
give me info on ethereum founder,founder,Balanced.
tell me regarding bitcoin founder,founder,Balanced.
briefly describe who created bitcoin,founder,Balanced.
how about who is founder of litecoin,founder,Balanced.
hey moonchat explain to me solana founder,founder,Balanced.
show who created xrp,founder,Balanced.
who is founder of solana please,founder,Balanced.
hey moonchat give me info on who is founder of cardano,founder,Balanced.
please show me cardano founder,founder,Balanced.
i want to know bitcoin founder,founder,Balanced.
do you know litecoin founder,founder,Balanced.
explain to me solana founder,founder,Balanced.
litecoin founder please,founder,Balanced.
do you know who created cardano,founder,Balanced.
hey moonchat tell me regarding who created xrp,founder,Balanced.
hey moonchat what is the information about who is founder of dogecoin,founder,Balanced.
what do you think of who created bitcoin,founder,Balanced.
hey moonchat how about litecoin founder,founder,Balanced.
hey moonchat bitcoin founder please,founder,Balanced.
hey moonchat explain to me dogecoin founder,founder,Balanced.
hey moonchat who created solana please,founder,Balanced.
what's the deal with dogecoin founder,founder,Balanced.
can i ask about who created litecoin,founder,Balanced.
do you know dogecoin founder,founder,Balanced.
hey moonchat tell me regarding who created bitcoin,founder,Balanced.
please show me who created solana,founder,Balanced.
please show me who is founder of xrp,founder,Balanced.
what is the information about cardano founder,founder,Balanced.
hey moonchat give me info on who created cardano,founder,Balanced.
what do you think of who created ethereum,founder,Balanced.
hey moonchat who created cardano please,founder,Balanced.
hey moonchat please show me who created cardano,founder,Balanced.
what is the information about who created bitcoin,founder,Balanced.
hey moonchat tell me regarding who created ethereum,founder,Balanced.
can you tell me litecoin founder,founder,Balanced.
what's the deal with who created dogecoin,founder,Balanced.
can i ask about who created cardano,founder,Balanced.
what's the deal with bitcoin founder,founder,Balanced.
explain to me who created solana,founder,Balanced.
who created solana please,founder,Balanced.
how about xrp founder,founder,Balanced.
can you tell me who created litecoin,founder,Balanced.
who is founder of ethereum please,founder,Balanced.
can i ask about who created bitcoin,founder,Balanced.
show litecoin founder,founder,Balanced.
who created ethereum please,founder,Balanced.
can you tell me bitcoin founder,founder,Balanced.
hey moonchat who is founder of litecoin please,founder,Balanced.
hey moonchat ethereum established year please,year,Balanced.
can you tell me solana launch date,year,Balanced.
hey moonchat i want to know xrp launch date,year,Balanced.
tell me regarding cardano launch date,year,Balanced.
bitcoin launch date please,year,Balanced.
hey moonchat give me info on when was xrp created,year,Balanced.
hey moonchat show when was bitcoin created,year,Balanced.
briefly describe ethereum established year,year,Balanced.
ethereum launch date please,year,Balanced.
do you know dogecoin launch date,year,Balanced.
what is the information about litecoin launch date,year,Balanced.
what do you think of bitcoin launch date,year,Balanced.
i'm curious about when was ethereum created,year,Balanced.
can i ask about when was dogecoin created,year,Balanced.
cardano launch date please,year,Balanced.
how about when was bitcoin created,year,Balanced.
what is the information about litecoin established year,year,Balanced.
show when was ethereum created,year,Balanced.
what is the information about when was litecoin created,year,Balanced.
explain to me bitcoin established year,year,Balanced.
hey moonchat litecoin launch date please,year,Balanced.
hey moonchat briefly describe when was xrp created,year,Balanced.
what is the information about cardano launch date,year,Balanced.
dogecoin launch date please,year,Balanced.
what's the deal with when was xrp created,year,Balanced.
please show me solana established year,year,Balanced.
when was xrp created please,year,Balanced.
briefly describe litecoin launch date,year,Balanced.
dogecoin established year please,year,Balanced.
hey moonchat give me info on solana launch date,year,Balanced.
tell me regarding litecoin launch date,year,Balanced.
show bitcoin launch date,year,Balanced.
hey moonchat do you know litecoin established year,year,Balanced.
tell me regarding ethereum established year,year,Balanced.
give me info on solana launch date,year,Balanced.
show xrp launch date,year,Balanced.
i'm curious about bitcoin launch date,year,Balanced.
what is the information about when was cardano created,year,Balanced.
show bitcoin established year,year,Balanced.
when was ethereum created please,year,Balanced.
i'm curious about cardano established year,year,Balanced.
briefly describe when was solana created,year,Balanced.
tell me regarding litecoin established year,year,Balanced.
hey moonchat explain to me dogecoin established year,year,Balanced.
hey moonchat do you know dogecoin launch date,year,Balanced.
can i ask about dogecoin established year,year,Balanced.
can i ask about litecoin launch date,year,Balanced.
hey moonchat show cardano launch date,year,Balanced.
hey moonchat litecoin established year please,year,Balanced.
what's the deal with dogecoin established year,year,Balanced.
hey moonchat i want to know dogecoin established year,year,Balanced.
hey moonchat solana established year please,year,Balanced.
hey moonchat solana launch date please,year,Balanced.
how about when was xrp created,year,Balanced.
hey moonchat what's the deal with litecoin established year,year,Balanced.
briefly describe dogecoin launch date,year,Balanced.
hey moonchat can i ask about when was ethereum created,year,Balanced.
i'm curious about dogecoin established year,year,Balanced.
what is the information about when was bitcoin created,year,Balanced.
i want to know bitcoin launch date,year,Balanced.
do you know when was bitcoin created,year,Balanced.
can you tell me when was solana created,year,Balanced.
explain to me xrp established year,year,Balanced.
briefly describe when was dogecoin created,year,Balanced.
i'm curious about when was bitcoin created,year,Balanced.
when was litecoin created please,year,Balanced.
i want to know cardano launch date,year,Balanced.
litecoin launch date please,year,Balanced.
hey moonchat when was xrp created please,year,Balanced.
when was dogecoin created please,year,Balanced.
how about when was dogecoin created,year,Balanced.
how about when was cardano created,year,Balanced.
hey moonchat what's the deal with cardano launch date,year,Balanced.
hey moonchat dogecoin established year please,year,Balanced.
briefly describe cardano established year,year,Balanced.
what is the information about when was dogecoin created,year,Balanced.
give me info on dogecoin launch date,year,Balanced.
what do you think of when was xrp created,year,Balanced.
do you know ethereum launch date,year,Balanced.
please show me ethereum established year,year,Balanced.
xrp launch date please,year,Balanced.
explain to me when was litecoin created,year,Balanced.
hey moonchat i want to know solana launch date,year,Balanced.
give me info on tell me about moonchat,faq,Balanced.
i want to know how does moonchat work,faq,Balanced.
is moonchat free please,faq,Balanced.
hey moonchat is moonchat free please,faq,Balanced.
hey moonchat tell me more about moonchat please,faq,Balanced.
hey moonchat tell me about moonchat please,faq,Balanced.
tell me more about moonchat please,faq,Balanced.
do you know how accurate is the chatbot,faq,Balanced.
hey moonchat give me info on tell me about moonchat,faq,Balanced.
i'm curious about what is moonchat,faq,Balanced.
please show me what is moonchat,faq,Balanced.
what is the information about what is moonchat,faq,Balanced.
tell me about moonchat please,faq,Balanced.
show how accurate is the chatbot,faq,Balanced.
can i ask about tell me more about moonchat,faq,Balanced.
what is moonchat please,faq,Balanced.
what do you think of how accurate is the chatbot,faq,Balanced.
please show me is moonchat free,faq,Balanced.
hey moonchat can i ask about is moonchat free,faq,Balanced.
what do you think of tell me about moonchat,faq,Balanced.
how accurate is the chatbot please,faq,Balanced.
hey moonchat tell me regarding tell me more about moonchat,faq,Balanced.
briefly describe what is moonchat,faq,Balanced.
hey moonchat do you know tell me more about moonchat,faq,Balanced.
can you tell me how does moonchat work,faq,Balanced.
hey moonchat what do you think of what is moonchat,faq,Balanced.
how does moonchat work please,faq,Balanced.
what's the deal with is moonchat free,faq,Balanced.
briefly describe tell me about moonchat,faq,Balanced.
what is the information about how accurate is the chatbot,faq,Balanced.
can you tell me tell me more about moonchat,faq,Balanced.
how about tell me more about moonchat,faq,Balanced.
explain to me what is moonchat,faq,Balanced.
what's the deal with tell me more about moonchat,faq,Balanced.
i want to know how accurate is the chatbot,faq,Balanced.
can i ask about tell me about moonchat,faq,Balanced.
show is moonchat free,faq,Balanced.
do you know tell me about moonchat,faq,Balanced.
do you know is moonchat free,faq,Balanced.
do you know tell me more about moonchat,faq,Balanced.
hey moonchat what is moonchat please,faq,Balanced.
how about how accurate is the chatbot,faq,Balanced.
please show me how accurate is the chatbot,faq,Balanced.
i'm curious about tell me about moonchat,faq,Balanced.
can you tell me what is moonchat,faq,Balanced.
hey moonchat how accurate is the chatbot please,faq,Balanced.
hey moonchat please show me is moonchat free,faq,Balanced.
explain to me how does moonchat work,faq,Balanced.
give me info on how does moonchat work,faq,Balanced.
what's the deal with tell me about moonchat,faq,Balanced.
give me info on how accurate is the chatbot,faq,Balanced.
tell me regarding tell me about moonchat,faq,Balanced.
i want to know what is moonchat,faq,Balanced.
hey moonchat how about how accurate is the chatbot,faq,Balanced.
explain to me is moonchat free,faq,Balanced.
show how does moonchat work,faq,Balanced.
hey moonchat please show me how does moonchat work,faq,Balanced.
can you tell me tell me about moonchat,faq,Balanced.
hey moonchat show how does moonchat work,faq,Balanced.
i'm curious about how does moonchat work,faq,Balanced.
what is the information about is moonchat free,faq,Balanced.
how about is moonchat free,faq,Balanced.
explain to me can i trust moonchat,security,Balanced.
is this app safe please,security,Balanced.
hey moonchat i want to know can i trust moonchat,security,Balanced.
hey moonchat can i trust moonchat please,security,Balanced.
briefly describe can i trust moonchat,security,Balanced.
hey moonchat is moonchat secure please,security,Balanced.
can you tell me moonchat security features,security,Balanced.
can i trust moonchat please,security,Balanced.
is moonchat secure please,security,Balanced.
how about can i trust moonchat,security,Balanced.
do you know moonchat security features,security,Balanced.
i'm curious about is this app safe,security,Balanced.
give me info on can i trust moonchat,security,Balanced.
what do you think of is this app safe,security,Balanced.
what do you think of is moonchat secure,security,Balanced.
moonchat security features please,security,Balanced.
can you tell me can i trust moonchat,security,Balanced.
please show me is this app safe,security,Balanced.
show is this app safe,security,Balanced.
what's the deal with is moonchat secure,security,Balanced.
what's the deal with is this app safe,security,Balanced.
how about is this app safe,security,Balanced.
can i ask about moonchat security features,security,Balanced.
briefly describe moonchat security features,security,Balanced.
hey moonchat is this app safe please,security,Balanced.
hey moonchat explain to me moonchat security features,security,Balanced.
i want to know moonchat security features,security,Balanced.
hey moonchat i'm curious about is this app safe,security,Balanced.
what do you think of can i trust moonchat,security,Balanced.
tell me regarding is this app safe,security,Balanced.
hey moonchat do you know is moonchat secure,security,Balanced.
hey moonchat i want to know moonchat security features,security,Balanced.
tell me regarding moonchat security features,security,Balanced.
do you know is this app safe,security,Balanced.
give me info on moonchat security features,security,Balanced.
do you know is moonchat secure,security,Balanced.
hey moonchat tell me regarding is this app safe,security,Balanced.
what is the information about is moonchat secure,security,Balanced.
briefly describe is moonchat secure,security,Balanced.
how about moonchat security features,security,Balanced.
hey moonchat moonchat security features please,security,Balanced.
hey moonchat what's the deal with moonchat security features,security,Balanced.
i want to know is this app safe,security,Balanced.
explain to me is moonchat secure,security,Balanced.
please show me moonchat security features,security,Balanced.
what's the deal with can i trust moonchat,security,Balanced.
what is the information about is this app safe,security,Balanced.
briefly describe is this app safe,security,Balanced.
give me info on is this app safe,security,Balanced.
explain to me biggest crypto risers,gainers,Balanced.
please show me best performing coins,gainers,Balanced.
i'm curious about which asset is gaining most?,gainers,Balanced.
hey moonchat please show me top gainers today,gainers,Balanced.
which coins are rising? please,gainers,Balanced.
what's the deal with biggest crypto risers,gainers,Balanced.
i want to know biggest asset gainers in 24h,gainers,Balanced.
who is up today? please,gainers,Balanced.
what's the deal with top gainer asset,gainers,Balanced.
briefly describe market gainers,gainers,Balanced.
what do you think of biggest crypto gainers in 24h,gainers,Balanced.
hey moonchat can you tell me which crypto is gaining most?,gainers,Balanced.
do you know best performing coins,gainers,Balanced.
can i ask about top gainer asset,gainers,Balanced.
hey moonchat i want to know biggest crypto risers,gainers,Balanced.
what is the information about who is the top gainer today?,gainers,Balanced.
explain to me what's pumping today?,gainers,Balanced.
which crypto is gaining most? please,gainers,Balanced.
what do you think of biggest asset risers,gainers,Balanced.
tell me regarding which crypto is rising,gainers,Balanced.
i want to know top gainers today,gainers,Balanced.
biggest crypto gainers in 24h please,gainers,Balanced.
how about who is the top gainer today?,gainers,Balanced.
top gainer crypto please,gainers,Balanced.
can i ask about market gainers,gainers,Balanced.
what do you think of what are the biggest gainers?,gainers,Balanced.
i want to know show me today's gainers,gainers,Balanced.
give me info on which coins are rising?,gainers,Balanced.
hey moonchat what is the information about biggest crypto gainers in 24h,gainers,Balanced.
top gainer asset please,gainers,Balanced.
briefly describe top gainers today,gainers,Balanced.
which crypto is rising please,gainers,Balanced.
how about biggest asset risers,gainers,Balanced.
please show me which crypto is gaining most?,gainers,Balanced.
can you tell me biggest crypto gainers in 24h,gainers,Balanced.
can you tell me what's pumping today?,gainers,Balanced.
do you know top 5 gainers in the last 24 hours,gainers,Balanced.
can you tell me give me the list of top gainers,gainers,Balanced.
what's pumping today? please,gainers,Balanced.
i'm curious about biggest crypto risers,gainers,Balanced.
explain to me which crypto is gaining most?,gainers,Balanced.
give me the list of top gainers please,gainers,Balanced.
can i ask about biggest crypto risers,gainers,Balanced.
briefly describe which crypto is rising,gainers,Balanced.
hey moonchat how about what's pumping today?,gainers,Balanced.
what is the information about give me the list of top gainers,gainers,Balanced.
i want to know market gainers,gainers,Balanced.
what is the information about biggest asset gainers in 24h,gainers,Balanced.
tell me regarding biggest crypto risers,gainers,Balanced.
please show me top gainers today,gainers,Balanced.
biggest asset risers please,gainers,Balanced.
can i ask about who is the top gainer today?,gainers,Balanced.
do you know top gainer crypto,gainers,Balanced.
show which coins are rising?,gainers,Balanced.
show top gainer crypto,gainers,Balanced.
can you tell me show me today's gainers,gainers,Balanced.
what do you think of top gainers today,gainers,Balanced.
what's the deal with top gainers today,gainers,Balanced.
do you know give me the list of top gainers,gainers,Balanced.
hey moonchat tell me regarding give me the list of top gainers,gainers,Balanced.
which asset is gaining most? please,gainers,Balanced.
show show me the top 5 gainers,gainers,Balanced.
show biggest asset gainers in 24h,gainers,Balanced.
show market gainers,gainers,Balanced.
please show me top gainer asset,gainers,Balanced.
tell me regarding which asset is gaining most?,gainers,Balanced.
i want to know biggest asset risers,gainers,Balanced.
show me today's gainers please,gainers,Balanced.
who is the top gainer today? please,gainers,Balanced.
can you tell me top 5 losers in the last 24 hours,losers,Balanced.
explain to me top loser asset,losers,Balanced.
what do you think of top losers today,losers,Balanced.
who is down today? please,losers,Balanced.
show me the top 5 losers please,losers,Balanced.
please show me top loser crypto,losers,Balanced.
tell me regarding top loser crypto,losers,Balanced.
please show me which crypto is losing most?,losers,Balanced.
can i ask about worst performing coins,losers,Balanced.
hey moonchat which asset is losing most? please,losers,Balanced.
top loser asset please,losers,Balanced.
hey moonchat can i ask about biggest crypto losers in 24h,losers,Balanced.
can i ask about give me the list of top losers,losers,Balanced.
biggest crypto losers in 24h please,losers,Balanced.
briefly describe which asset is losing most?,losers,Balanced.
briefly describe top loser asset,losers,Balanced.
hey moonchat biggest crypto losers in 24h please,losers,Balanced.
explain to me which coins are falling?,losers,Balanced.
top loser crypto please,losers,Balanced.
biggest asset decliners please,losers,Balanced.
which coins are falling? please,losers,Balanced.
briefly describe which coins are falling?,losers,Balanced.
can i ask about which asset is losing most?,losers,Balanced.
what's the deal with worst performing coins,losers,Balanced.
hey moonchat i'm curious about biggest asset losers in 24h,losers,Balanced.
please show me worst performing coins,losers,Balanced.
i'm curious about show me today's losers,losers,Balanced.
what is the information about top losers today,losers,Balanced.
hey moonchat give me the list of top losers please,losers,Balanced.
what's the deal with what are the biggest losers?,losers,Balanced.
worst performing coins please,losers,Balanced.
can you tell me which coins are falling?,losers,Balanced.
hey moonchat i'm curious about show me the top 5 losers,losers,Balanced.
explain to me top losers today,losers,Balanced.
top 5 losers in the last 24 hours please,losers,Balanced.
i'm curious about worst performing coins,losers,Balanced.
give me info on which coins are falling?,losers,Balanced.
biggest asset losers in 24h please,losers,Balanced.
hey moonchat show biggest asset decliners,losers,Balanced.
can i ask about which crypto is losing most?,losers,Balanced.
explain to me biggest crypto decliners,losers,Balanced.
can i ask about which coins are in red?,losers,Balanced.
which coins are in red? please,losers,Balanced.
explain to me give me the list of top losers,losers,Balanced.
hey moonchat tell me regarding market losers,losers,Balanced.
hey moonchat what is the information about biggest asset losers in 24h,losers,Balanced.
briefly describe biggest crypto losers in 24h,losers,Balanced.
i want to know worst performing coins,losers,Balanced.
can you tell me biggest asset decliners,losers,Balanced.
hey moonchat what's the deal with top 5 losers in the last 24 hours,losers,Balanced.
briefly describe which coins are in red?,losers,Balanced.
briefly describe give me the list of top losers,losers,Balanced.
what do you think of biggest crypto decliners,losers,Balanced.
i'm curious about give me the list of top losers,losers,Balanced.
give me info on which asset is losing most?,losers,Balanced.
can you tell me what's dumping today?,losers,Balanced.
give me info on biggest asset decliners,losers,Balanced.
what's the deal with top loser asset,losers,Balanced.
give me info on give me the list of top losers,losers,Balanced.
hey moonchat how about biggest asset decliners,losers,Balanced.
hey moonchat give me info on biggest crypto losers in 24h,losers,Balanced.
what is the information about who is the biggest loser today?,losers,Balanced.
i want to know biggest asset decliners,losers,Balanced.
hey moonchat top losers today please,losers,Balanced.
i'm curious about who is down today?,losers,Balanced.
what is the information about which asset is losing most?,losers,Balanced.
hey moonchat is cardano going up please,trend,Balanced.
do you know xrp trend today,trend,Balanced.
bitcoin trend today please,trend,Balanced.
give me info on is dogecoin going up,trend,Balanced.
litecoin market trend please,trend,Balanced.
how about xrp trend today,trend,Balanced.
solana market trend please,trend,Balanced.
explain to me is litecoin going up,trend,Balanced.
hey moonchat xrp trend today please,trend,Balanced.
xrp trend today please,trend,Balanced.
show solana trend today,trend,Balanced.
what do you think of dogecoin market trend,trend,Balanced.
explain to me is solana going up,trend,Balanced.
ethereum market trend please,trend,Balanced.
show dogecoin market trend,trend,Balanced.
bitcoin market trend please,trend,Balanced.
hey moonchat dogecoin market trend please,trend,Balanced.
what do you think of ethereum market trend,trend,Balanced.
explain to me is ethereum going up,trend,Balanced.
is bitcoin going up please,trend,Balanced.
show dogecoin trend today,trend,Balanced.
please show me solana trend today,trend,Balanced.
tell me regarding solana trend today,trend,Balanced.
give me info on is solana going up,trend,Balanced.
do you know litecoin trend today,trend,Balanced.
is dogecoin going up please,trend,Balanced.
can i ask about xrp market trend,trend,Balanced.
give me info on solana market trend,trend,Balanced.
i want to know cardano market trend,trend,Balanced.
please show me solana market trend,trend,Balanced.
explain to me ethereum market trend,trend,Balanced.
can i ask about ethereum market trend,trend,Balanced.
do you know is ethereum going up,trend,Balanced.
ethereum trend today please,trend,Balanced.
tell me regarding is litecoin going up,trend,Balanced.
explain to me is cardano going up,trend,Balanced.
i'm curious about dogecoin market trend,trend,Balanced.
give me info on is bitcoin going up,trend,Balanced.
is litecoin going up please,trend,Balanced.
what is the information about cardano trend today,trend,Balanced.
hey moonchat explain to me litecoin trend today,trend,Balanced.
is xrp going up please,trend,Balanced.
is cardano going up please,trend,Balanced.
briefly describe xrp trend today,trend,Balanced.
hey moonchat litecoin trend today please,trend,Balanced.
hey moonchat litecoin market trend please,trend,Balanced.
hey moonchat is xrp going up please,trend,Balanced.
briefly describe cardano trend today,trend,Balanced.
is solana going up please,trend,Balanced.
tell me regarding xrp market trend,trend,Balanced.
what's the deal with solana market trend,trend,Balanced.
hey moonchat i want to know is bitcoin going up,trend,Balanced.
can i ask about bitcoin market trend,trend,Balanced.
tell me regarding solana market trend,trend,Balanced.
i'm curious about solana market trend,trend,Balanced.
show is ethereum going up,trend,Balanced.
what do you think of litecoin market trend,trend,Balanced.
give me info on ethereum trend today,trend,Balanced.
can you tell me solana market trend,trend,Balanced.
briefly describe litecoin trend today,trend,Balanced.
please show me cardano trend today,trend,Balanced.
hey moonchat briefly describe cardano trend today,trend,Balanced.
hey moonchat what do you think of solana trend today,trend,Balanced.
litecoin trend today please,trend,Balanced.
hey moonchat tell me regarding is cardano going up,trend,Balanced.
xrp market trend please,trend,Balanced.
what do you think of how much is solana,price,Balanced.
i'm curious about what is the cost of solana,price,Balanced.
how about doge price,price,Balanced.
hey moonchat what is the information about what is cardano price,price,Balanced.
how much is dogecoin now please,price,Balanced.
can you tell me what is the price of eth,price,Balanced.
what is the information about live price of xrp,price,Balanced.
what's the deal with how much is dogecoin now,price,Balanced.
what is the information about show me bitcoin price,price,Balanced.
can you tell me doge price,price,Balanced.
do you know litecoin price today,price,Balanced.
do you know how much is xrp now,price,Balanced.
can i ask about how much is solana,price,Balanced.
do you know show me bitcoin price,price,Balanced.
what is litecoin price please,price,Balanced.
hey moonchat explain to me current btc price,price,Balanced.
live price of xrp please,price,Balanced.
what's the deal with check ethereum price,price,Balanced.
briefly describe how much is xrp now,price,Balanced.
hey moonchat can i ask about bitcoin value,price,Balanced.
live price of bitcoin please,price,Balanced.
i'm curious about how much is ethereum now,price,Balanced.
hey moonchat live price of solana please,price,Balanced.
do you know dogecoin value today,price,Balanced.
give me info on live price of litecoin,price,Balanced.
show what is solana price,price,Balanced.
tell me regarding ethereum price today,price,Balanced.
what do you think of how much is cardano now,price,Balanced.
hey moonchat how much is bitcoin now please,price,Balanced.
i'm curious about what is ethereum price,price,Balanced.
xrp price today please,price,Balanced.
do you know live price of litecoin,price,Balanced.
tell me regarding what is bitcoin price,price,Balanced.
hey moonchat what is litecoin price please,price,Balanced.
briefly describe live price of xrp,price,Balanced.
hey moonchat check ethereum price please,price,Balanced.
please show me live price of xrp,price,Balanced.
what is the information about how much is ethereum now,price,Balanced.
hey moonchat solana price today please,price,Balanced.
cardano price today please,price,Balanced.
explain to me show me bitcoin price,price,Balanced.
what is bitcoin price please,price,Balanced.
dogecoin value today please,price,Balanced.
live price of ethereum please,price,Balanced.
please show me what is bitcoin price,price,Balanced.
tell me regarding eth price right now,price,Balanced.
hey moonchat what's the deal with live price of bitcoin,price,Balanced.
can i ask about what is ethereum price,price,Balanced.
do you know live price of solana,price,Balanced.
hey moonchat crypto prices please,price,Balanced.
what's the deal with show me bitcoin price,price,Balanced.
do you know what is ethereum price,price,Balanced.
briefly describe how much is litecoin now,price,Balanced.
show what is ethereum price,price,Balanced.
i want to know live price of cardano,price,Balanced.
what is dogecoin price please,price,Balanced.
please show me what is dogecoin price,price,Balanced.
show how much is cardano now,price,Balanced.
hey moonchat how about ethereum price today,price,Balanced.
hey moonchat can you tell me ethereum price today,price,Balanced.
what's the deal with btc price,price,Balanced.
current btc price please,price,Balanced.
explain to me check ethereum price,price,Balanced.
hey moonchat explain to me show me bitcoin price,price,Balanced.
what is the information about doge price,price,Balanced.
i'm curious about eth price right now,price,Balanced.
solana price today please,price,Balanced.
what is xrp price please,price,Balanced.
what's the deal with bitcoin value,price,Balanced.
hey moonchat what is the information about live price of solana,price,Balanced.
do you know how much is solana now,price,Balanced.
i'm curious about how much is cardano now,price,Balanced.
how about eth price,price,Balanced.
hey moonchat what is the price of eth please,price,Balanced.
give me info on crypto prices,price,Balanced.
briefly describe what is cardano price,price,Balanced.
i'm curious about crypto prices,price,Balanced.
eth price right now please,price,Balanced.
please show me eth price right now,price,Balanced.
can you tell me live price of cardano,price,Balanced.
hey moonchat what's the deal with what is solana price,price,Balanced.
please show me solana price today,price,Balanced.
can you tell me what is litecoin price,price,Balanced.
what do you think of eth price,price,Balanced.
hey moonchat i want to know how much is xrp now,price,Balanced.
give me info on solana price today,price,Balanced.
what is the information about what is solana price,price,Balanced.
hey moonchat what's the deal with how much is litecoin now,price,Balanced.
how about what is the cost of solana,price,Balanced.
tell me regarding how much is litecoin now,price,Balanced.
i'm curious about what is cardano price,price,Balanced.
tell me regarding what is ethereum price,price,Balanced.
hey moonchat what is the information about how much is dogecoin now,price,Balanced.
hey moonchat what's the deal with eth price right now,price,Balanced.
tell me regarding how much is xrp now,price,Balanced.
what do you think of crypto prices,price,Balanced.
how much is bitcoin now please,price,Balanced.
